[2024-12-23T07:01:04.708Z] INFO: Test environment: development
[2024-12-23T07:01:06.659Z] INFO: Test environment: development
[2024-12-23T07:01:06.661Z] INFO: Browser: chromium
[2024-12-23T07:01:06.846Z] INFO: Test environment: development
[2024-12-23T07:01:06.848Z] INFO: Browser: chromium
[2024-12-23T07:01:13.230Z] INFO: Test environment: development
[2024-12-23T07:01:13.233Z] INFO: Browser: chromium
[2024-12-23T07:02:51.160Z] INFO: Test environment: development
[2024-12-23T07:02:51.163Z] INFO: Browser: chromium
[2024-12-23T07:03:06.135Z] INFO: Test environment: uat
[2024-12-23T07:03:06.138Z] INFO: Browser: chromium
[2024-12-23T07:05:02.785Z] INFO: Test environment: uat
[2024-12-23T07:05:02.790Z] INFO: Browser: chromium
[2024-12-23T07:05:39.443Z] INFO: Test environment: uat
[2024-12-23T07:05:39.447Z] INFO: Browser: chromium
[2024-12-23T07:07:11.359Z] INFO: Test environment: uat
[2024-12-23T07:07:11.363Z] INFO: Browser: chromium
[2024-12-23T07:07:14.086Z] INFO: Test environment: uat
[2024-12-23T07:07:14.091Z] INFO: Browser: chromium
[2024-12-23T07:07:15.600Z] INFO: Test environment: uat
[2024-12-23T07:07:15.604Z] INFO: Browser: chromium
[2024-12-23T07:07:17.174Z] INFO: Test environment: uat
[2024-12-23T07:07:17.178Z] INFO: Browser: chromium
[2024-12-23T07:07:19.724Z] INFO: Test environment: uat
[2024-12-23T07:07:19.729Z] INFO: Browser: chromium
[2024-12-23T07:07:26.652Z] INFO: Test environment: uat
[2024-12-23T07:07:26.656Z] INFO: Browser: chromium
[2024-12-23T07:07:28.683Z] INFO: Test environment: uat
[2024-12-23T07:07:28.687Z] INFO: Browser: chromium
[2024-12-23T07:07:30.142Z] INFO: Test environment: uat
[2024-12-23T07:07:30.146Z] INFO: Browser: chromium
[2024-12-23T07:07:35.177Z] INFO: Test environment: uat
[2024-12-23T07:07:35.181Z] INFO: Browser: chromium
[2024-12-23T07:07:36.734Z] INFO: Test environment: uat
[2024-12-23T07:07:36.738Z] INFO: Browser: chromium
[2024-12-23T07:07:39.239Z] INFO: Test environment: uat
[2024-12-23T07:07:39.243Z] INFO: Browser: chromium
[2024-12-23T07:13:16.340Z] INFO: Test environment: uat
[2024-12-23T07:13:16.343Z] INFO: Browser: chromium
[2024-12-23T07:13:24.152Z] INFO: Test environment: uat
[2024-12-23T07:13:24.158Z] INFO: Browser: chromium
[2024-12-23T07:13:26.836Z] INFO: Test environment: uat
[2024-12-23T07:13:26.839Z] INFO: Browser: chromium
[2024-12-23T07:13:34.096Z] INFO: Test environment: uat
[2024-12-23T07:13:34.100Z] INFO: Browser: chromium
[2024-12-23T07:13:35.632Z] INFO: Test environment: uat
[2024-12-23T07:13:35.635Z] INFO: Browser: chromium
[2024-12-23T07:13:37.088Z] INFO: Test environment: uat
[2024-12-23T07:13:37.091Z] INFO: Browser: chromium
[2024-12-23T07:13:40.976Z] INFO: Test environment: uat
[2024-12-23T07:13:40.980Z] INFO: Browser: chromium
[2024-12-23T07:13:42.146Z] INFO: Test environment: uat
[2024-12-23T07:13:42.150Z] INFO: Browser: chromium
[2024-12-23T07:13:48.549Z] INFO: Test environment: uat
[2024-12-23T07:13:48.554Z] INFO: Browser: chromium
[2024-12-23T07:14:06.294Z] INFO: Test environment: uat
[2024-12-23T07:14:06.298Z] INFO: Browser: chromium
[2024-12-23T07:14:08.146Z] INFO: Test environment: uat
[2024-12-23T07:14:08.149Z] INFO: Browser: chromium
[2024-12-23T07:14:11.363Z] INFO: Test environment: uat
[2024-12-23T07:14:11.366Z] INFO: Browser: chromium
[2024-12-23T07:14:35.333Z] INFO: Test environment: uat
[2024-12-23T07:14:35.336Z] INFO: Browser: chromium
[2024-12-23T07:14:38.262Z] INFO: Test environment: uat
[2024-12-23T07:14:38.267Z] INFO: Browser: chromium
[2024-12-23T07:14:39.444Z] INFO: Test environment: uat
[2024-12-23T07:14:39.449Z] INFO: Browser: chromium
[2024-12-23T07:14:46.876Z] INFO: Test environment: uat
[2024-12-23T07:14:46.879Z] INFO: Browser: chromium
[2024-12-23T07:14:50.312Z] INFO: Test environment: uat
[2024-12-23T07:14:50.317Z] INFO: Browser: chromium
[2024-12-23T07:14:58.300Z] INFO: Test environment: uat
[2024-12-23T07:14:58.304Z] INFO: Browser: chromium
[2024-12-23T07:14:59.749Z] INFO: Test environment: uat
[2024-12-23T07:14:59.753Z] INFO: Browser: chromium
[2024-12-23T07:15:08.845Z] INFO: Test environment: uat
[2024-12-23T07:15:08.848Z] INFO: Browser: chromium
[2024-12-23T07:15:17.151Z] INFO: Test environment: uat
[2024-12-23T07:15:17.154Z] INFO: Browser: chromium
[2024-12-23T07:15:29.425Z] INFO: Test environment: uat
[2024-12-23T07:15:29.430Z] INFO: Browser: chromium
[2024-12-23T07:15:42.609Z] INFO: Test environment: uat
[2024-12-23T07:15:42.613Z] INFO: Browser: chromium
[2024-12-23T07:15:47.871Z] INFO: Test environment: uat
[2024-12-23T07:15:47.875Z] INFO: Browser: chromium
[2024-12-23T07:15:51.071Z] INFO: Test environment: uat
[2024-12-23T07:15:51.075Z] INFO: Browser: chromium
[2024-12-23T07:15:53.412Z] INFO: Test environment: uat
[2024-12-23T07:15:53.416Z] INFO: Browser: chromium
[2024-12-23T07:15:54.860Z] INFO: Test environment: uat
[2024-12-23T07:15:54.864Z] INFO: Browser: chromium
[2024-12-23T07:15:57.327Z] INFO: Test environment: uat
[2024-12-23T07:15:57.331Z] INFO: Browser: chromium
[2024-12-23T07:15:59.413Z] INFO: Test environment: uat
[2024-12-23T07:15:59.417Z] INFO: Browser: chromium
[2024-12-23T07:16:00.825Z] INFO: Test environment: uat
[2024-12-23T07:16:00.829Z] INFO: Browser: chromium
[2024-12-23T07:16:04.614Z] INFO: Test environment: uat
[2024-12-23T07:16:04.617Z] INFO: Browser: chromium
[2024-12-23T07:16:09.973Z] INFO: Test environment: uat
[2024-12-23T07:16:09.977Z] INFO: Browser: chromium
[2024-12-23T07:16:18.725Z] INFO: Test environment: uat
[2024-12-23T07:16:18.729Z] INFO: Browser: chromium
[2024-12-23T07:16:20.871Z] INFO: Test environment: uat
[2024-12-23T07:16:20.874Z] INFO: Browser: chromium
[2024-12-23T07:16:56.481Z] INFO: Test environment: uat
[2024-12-23T07:16:56.484Z] INFO: Browser: chromium
[2024-12-23T07:17:20.826Z] INFO: Test environment: uat
[2024-12-23T07:17:20.832Z] INFO: Browser: chromium
[2024-12-23T07:17:22.112Z] INFO: Test environment: uat
[2024-12-23T07:17:22.115Z] INFO: Browser: chromium
[2024-12-23T07:17:25.811Z] INFO: Test environment: uat
[2024-12-23T07:17:25.815Z] INFO: Browser: chromium
[2024-12-23T07:17:27.241Z] INFO: Test environment: uat
[2024-12-23T07:17:27.246Z] INFO: Browser: chromium
[2024-12-23T07:17:30.929Z] INFO: Test environment: uat
[2024-12-23T07:17:30.932Z] INFO: Browser: chromium
[2024-12-23T07:17:32.136Z] INFO: Test environment: uat
[2024-12-23T07:17:32.141Z] INFO: Browser: chromium
[2024-12-23T07:17:43.308Z] INFO: Test environment: uat
[2024-12-23T07:17:43.311Z] INFO: Browser: chromium
[2024-12-23T07:17:45.782Z] INFO: Test environment: uat
[2024-12-23T07:17:45.786Z] INFO: Browser: chromium
[2024-12-23T07:20:38.311Z] INFO: Test environment: uat
[2024-12-23T07:20:38.315Z] INFO: Browser: chromium
[2024-12-23T07:20:41.646Z] INFO: Test environment: uat
[2024-12-23T07:20:41.650Z] INFO: Browser: chromium
[2024-12-23T07:20:42.988Z] INFO: Test environment: uat
[2024-12-23T07:20:42.991Z] INFO: Browser: chromium
[2024-12-23T07:20:44.860Z] INFO: Test environment: uat
[2024-12-23T07:20:44.863Z] INFO: Browser: chromium
[2024-12-23T07:20:55.950Z] INFO: Test environment: uat
[2024-12-23T07:20:55.953Z] INFO: Browser: chromium
[2024-12-23T07:20:57.056Z] INFO: Test environment: uat
[2024-12-23T07:20:57.059Z] INFO: Browser: chromium
[2024-12-23T07:22:43.553Z] INFO: Test environment: uat
[2024-12-23T07:22:43.556Z] INFO: Browser: chromium
[2024-12-23T07:22:48.199Z] INFO: Test environment: uat
[2024-12-23T07:22:48.203Z] INFO: Browser: chromium
[2024-12-23T07:22:53.595Z] INFO: Test environment: uat
[2024-12-23T07:22:53.600Z] INFO: Browser: chromium
[2024-12-23T07:22:55.451Z] INFO: Test environment: uat
[2024-12-23T07:22:55.454Z] INFO: Browser: chromium
[2024-12-23T07:24:51.336Z] INFO: Test environment: uat
[2024-12-23T07:24:51.339Z] INFO: Browser: chromium
[2024-12-23T07:25:21.930Z] INFO: Test environment: uat
[2024-12-23T07:25:21.934Z] INFO: Browser: chromium
[2024-12-23T07:25:23.031Z] INFO: Test environment: uat
[2024-12-23T07:25:23.034Z] INFO: Browser: chromium
[2024-12-23T07:25:30.230Z] INFO: Test environment: uat
[2024-12-23T07:25:30.233Z] INFO: Browser: chromium
[2024-12-23T07:29:19.809Z] INFO: Test environment: uat
[2024-12-23T07:29:19.812Z] INFO: Browser: chromium
[2024-12-23T07:29:21.257Z] INFO: Test environment: uat
[2024-12-23T07:29:21.261Z] INFO: Browser: chromium
[2024-12-23T07:29:39.423Z] INFO: Test environment: uat
[2024-12-23T07:29:39.426Z] INFO: Browser: chromium
[2024-12-23T07:30:07.020Z] INFO: Test environment: uat
[2024-12-23T07:30:07.023Z] INFO: Browser: chromium
[2024-12-23T07:30:17.803Z] INFO: Test environment: uat
[2024-12-23T07:30:17.806Z] INFO: Browser: chromium
[2024-12-23T07:30:22.113Z] INFO: Test environment: uat
[2024-12-23T07:30:22.117Z] INFO: Browser: chromium
[2024-12-23T07:30:23.279Z] INFO: Test environment: uat
[2024-12-23T07:30:23.282Z] INFO: Browser: chromium
[2024-12-23T07:30:24.411Z] INFO: Test environment: uat
[2024-12-23T07:30:24.415Z] INFO: Browser: chromium
[2024-12-23T07:32:16.377Z] INFO: Test environment: uat
[2024-12-23T07:32:16.380Z] INFO: Browser: chromium
[2024-12-23T07:33:14.764Z] INFO: Test environment: uat
[2024-12-23T07:33:14.767Z] INFO: Browser: chromium
[2024-12-23T07:33:24.804Z] INFO: Test environment: uat
[2024-12-23T07:33:24.808Z] INFO: Browser: chromium
[2024-12-23T07:33:27.908Z] INFO: Test environment: uat
[2024-12-23T07:33:27.912Z] INFO: Browser: chromium
[2024-12-23T07:34:07.843Z] INFO: Test environment: uat
[2024-12-23T07:34:07.846Z] INFO: Browser: chromium
[2024-12-23T07:34:10.757Z] INFO: Test environment: uat
[2024-12-23T07:34:10.762Z] INFO: Browser: chromium
[2024-12-23T07:34:11.933Z] INFO: Test environment: uat
[2024-12-23T07:34:11.939Z] INFO: Browser: chromium
[2024-12-23T07:34:13.533Z] INFO: Test environment: uat
[2024-12-23T07:34:13.537Z] INFO: Browser: chromium
[2024-12-23T07:34:14.629Z] INFO: Test environment: uat
[2024-12-23T07:34:14.633Z] INFO: Browser: chromium
[2024-12-23T07:34:35.696Z] INFO: Test environment: uat
[2024-12-23T07:34:35.699Z] INFO: Browser: chromium
[2024-12-23T07:35:21.513Z] INFO: Test environment: uat
[2024-12-23T07:35:21.517Z] INFO: Browser: chromium
[2024-12-23T07:35:22.691Z] INFO: Test environment: uat
[2024-12-23T07:35:22.695Z] INFO: Browser: chromium
[2024-12-23T07:35:23.927Z] INFO: Test environment: uat
[2024-12-23T07:35:23.930Z] INFO: Browser: chromium
[2024-12-23T07:35:26.624Z] INFO: Test environment: uat
[2024-12-23T07:35:26.629Z] INFO: Browser: chromium
[2024-12-23T07:35:38.930Z] INFO: Test environment: uat
[2024-12-23T07:35:38.933Z] INFO: Browser: chromium
[2024-12-23T07:35:40.866Z] INFO: Test environment: uat
[2024-12-23T07:35:40.870Z] INFO: Browser: chromium
[2024-12-23T07:35:54.712Z] INFO: Test environment: uat
[2024-12-23T07:35:54.715Z] INFO: Browser: chromium
[2024-12-23T07:38:39.353Z] INFO: Test environment: uat
[2024-12-23T07:38:39.357Z] INFO: Browser: chromium
[2024-12-23T07:38:40.972Z] INFO: Test environment: uat
[2024-12-23T07:38:40.977Z] INFO: Browser: chromium
[2024-12-23T07:38:42.567Z] INFO: Test environment: uat
[2024-12-23T07:38:42.571Z] INFO: Browser: chromium
[2024-12-23T07:39:04.617Z] INFO: Test environment: uat
[2024-12-23T07:39:04.622Z] INFO: Browser: chromium
[2024-12-23T07:39:05.872Z] INFO: Test environment: uat
[2024-12-23T07:39:05.876Z] INFO: Browser: chromium
[2024-12-23T07:39:16.215Z] INFO: Test environment: uat
[2024-12-23T07:39:16.219Z] INFO: Browser: chromium
[2024-12-23T07:39:17.853Z] INFO: Test environment: uat
[2024-12-23T07:39:17.856Z] INFO: Browser: chromium
[2024-12-23T07:39:21.142Z] INFO: Test environment: uat
[2024-12-23T07:39:21.147Z] INFO: Browser: chromium
[2024-12-23T07:39:35.635Z] INFO: Test environment: uat
[2024-12-23T07:39:35.639Z] INFO: Browser: chromium
[2024-12-23T07:39:37.282Z] INFO: Test environment: uat
[2024-12-23T07:39:37.286Z] INFO: Browser: chromium
[2024-12-23T07:39:38.422Z] INFO: Test environment: uat
[2024-12-23T07:39:38.426Z] INFO: Browser: chromium
[2024-12-23T07:40:03.090Z] INFO: Test environment: uat
[2024-12-23T07:40:03.094Z] INFO: Browser: chromium
[2024-12-23T07:40:04.496Z] INFO: Test environment: uat
[2024-12-23T07:40:04.501Z] INFO: Browser: chromium
[2024-12-23T07:40:17.569Z] INFO: Test environment: uat
[2024-12-23T07:40:17.573Z] INFO: Browser: chromium
[2024-12-23T07:40:18.846Z] INFO: Test environment: uat
[2024-12-23T07:40:18.849Z] INFO: Browser: chromium
[2024-12-23T07:40:51.515Z] INFO: Test environment: uat
[2024-12-23T07:40:51.519Z] INFO: Browser: chromium
[2024-12-23T07:40:54.315Z] INFO: Test environment: uat
[2024-12-23T07:40:54.319Z] INFO: Browser: chromium
[2024-12-23T07:40:55.632Z] INFO: Test environment: uat
[2024-12-23T07:40:55.636Z] INFO: Browser: chromium
[2024-12-23T07:41:10.634Z] INFO: Test environment: uat
[2024-12-23T07:41:10.639Z] INFO: Browser: chromium
[2024-12-23T07:41:12.365Z] INFO: Test environment: uat
[2024-12-23T07:41:12.370Z] INFO: Browser: chromium
[2024-12-23T07:41:13.654Z] INFO: Test environment: uat
[2024-12-23T07:41:13.658Z] INFO: Browser: chromium
[2024-12-23T07:41:15.229Z] INFO: Test environment: uat
[2024-12-23T07:41:15.233Z] INFO: Browser: chromium
[2024-12-23T07:41:34.876Z] INFO: Test environment: uat
[2024-12-23T07:41:34.879Z] INFO: Browser: chromium
[2024-12-23T07:41:37.315Z] INFO: Test environment: uat
[2024-12-23T07:41:37.318Z] INFO: Browser: chromium
[2024-12-23T07:41:42.022Z] INFO: Test environment: uat
[2024-12-23T07:41:42.027Z] INFO: Browser: chromium
[2024-12-23T07:41:45.663Z] INFO: Test environment: uat
[2024-12-23T07:41:45.667Z] INFO: Browser: chromium
[2024-12-23T07:41:50.217Z] INFO: Test environment: uat
[2024-12-23T07:41:50.221Z] INFO: Browser: chromium
[2024-12-23T07:41:59.258Z] INFO: Test environment: uat
[2024-12-23T07:41:59.262Z] INFO: Browser: chromium
[2024-12-23T07:42:03.637Z] INFO: Test environment: uat
[2024-12-23T07:42:03.641Z] INFO: Browser: chromium
[2024-12-23T07:42:05.258Z] INFO: Test environment: uat
[2024-12-23T07:42:05.262Z] INFO: Browser: chromium
[2024-12-23T07:42:06.934Z] INFO: Test environment: uat
[2024-12-23T07:42:06.938Z] INFO: Browser: chromium
[2024-12-23T07:42:25.230Z] INFO: Test environment: uat
[2024-12-23T07:42:25.235Z] INFO: Browser: chromium
[2024-12-23T07:42:28.722Z] INFO: Test environment: uat
[2024-12-23T07:42:28.726Z] INFO: Browser: chromium
[2024-12-23T07:42:30.017Z] INFO: Test environment: uat
[2024-12-23T07:42:30.023Z] INFO: Browser: chromium
[2024-12-23T07:42:54.135Z] INFO: Test environment: uat
[2024-12-23T07:42:54.140Z] INFO: Browser: chromium
[2024-12-23T07:43:03.110Z] INFO: Test environment: uat
[2024-12-23T07:43:03.114Z] INFO: Browser: chromium
[2024-12-23T07:43:04.458Z] INFO: Test environment: uat
[2024-12-23T07:43:04.462Z] INFO: Browser: chromium
[2024-12-23T07:43:05.876Z] INFO: Test environment: uat
[2024-12-23T07:43:05.880Z] INFO: Browser: chromium
[2024-12-23T07:43:08.629Z] INFO: Test environment: uat
[2024-12-23T07:43:08.633Z] INFO: Browser: chromium
[2024-12-23T07:43:10.301Z] INFO: Test environment: uat
[2024-12-23T07:43:10.304Z] INFO: Browser: chromium
[2024-12-23T07:43:17.432Z] INFO: Test environment: uat
[2024-12-23T07:43:17.437Z] INFO: Browser: chromium
[2024-12-23T07:43:54.037Z] INFO: Test environment: uat
[2024-12-23T07:43:54.041Z] INFO: Browser: chromium
[2024-12-23T07:43:55.938Z] INFO: Test environment: uat
[2024-12-23T07:43:55.942Z] INFO: Browser: chromium
[2024-12-23T07:44:41.615Z] INFO: Test environment: uat
[2024-12-23T07:44:41.619Z] INFO: Browser: chromium
[2024-12-23T07:44:43.327Z] INFO: Test environment: uat
[2024-12-23T07:44:43.331Z] INFO: Browser: chromium
[2024-12-23T07:45:50.250Z] INFO: Test environment: uat
[2024-12-23T07:45:50.254Z] INFO: Browser: chromium
[2024-12-23T07:45:53.041Z] INFO: Test environment: uat
[2024-12-23T07:45:53.045Z] INFO: Browser: chromium
[2024-12-23T07:45:55.058Z] INFO: Test environment: uat
[2024-12-23T07:45:55.062Z] INFO: Browser: chromium
[2024-12-23T07:45:56.763Z] INFO: Test environment: uat
[2024-12-23T07:45:56.767Z] INFO: Browser: chromium
[2024-12-23T07:46:25.240Z] INFO: Test environment: uat
[2024-12-23T07:46:25.244Z] INFO: Browser: chromium
[2024-12-23T07:46:26.850Z] INFO: Test environment: uat
[2024-12-23T07:46:26.853Z] INFO: Browser: chromium
[2024-12-23T07:46:28.475Z] INFO: Test environment: uat
[2024-12-23T07:46:28.480Z] INFO: Browser: chromium
[2024-12-23T07:46:36.013Z] INFO: Test environment: uat
[2024-12-23T07:46:36.018Z] INFO: Browser: chromium
[2024-12-23T07:46:37.810Z] INFO: Test environment: uat
[2024-12-23T07:46:37.814Z] INFO: Browser: chromium
[2024-12-23T07:46:58.363Z] INFO: Test environment: uat
[2024-12-23T07:46:58.368Z] INFO: Browser: chromium
[2024-12-23T07:47:00.091Z] INFO: Test environment: uat
[2024-12-23T07:47:00.095Z] INFO: Browser: chromium
[2024-12-23T07:47:01.792Z] INFO: Test environment: uat
[2024-12-23T07:47:01.796Z] INFO: Browser: chromium
[2024-12-23T07:47:03.104Z] INFO: Test environment: uat
[2024-12-23T07:47:03.108Z] INFO: Browser: chromium
[2024-12-23T07:47:46.979Z] INFO: Test environment: uat
[2024-12-23T07:47:46.984Z] INFO: Browser: chromium
[2024-12-23T07:47:48.748Z] INFO: Test environment: uat
[2024-12-23T07:47:48.751Z] INFO: Browser: chromium
[2024-12-23T07:47:51.791Z] INFO: Test environment: uat
[2024-12-23T07:47:51.796Z] INFO: Browser: chromium
[2024-12-23T07:47:55.562Z] INFO: Test environment: uat
[2024-12-23T07:47:55.566Z] INFO: Browser: chromium
[2024-12-23T07:47:59.292Z] INFO: Test environment: uat
[2024-12-23T07:47:59.296Z] INFO: Browser: chromium
[2024-12-23T07:48:50.990Z] INFO: Test environment: uat
[2024-12-23T07:48:50.995Z] INFO: Browser: chromium
[2024-12-23T07:48:52.755Z] INFO: Test environment: uat
[2024-12-23T07:48:52.761Z] INFO: Browser: chromium
[2024-12-23T07:49:40.149Z] INFO: Test environment: uat
[2024-12-23T07:49:40.153Z] INFO: Browser: chromium
[2024-12-23T07:49:41.393Z] INFO: Test environment: uat
[2024-12-23T07:49:41.397Z] INFO: Browser: chromium
[2024-12-23T07:49:43.849Z] INFO: Test environment: uat
[2024-12-23T07:49:43.853Z] INFO: Browser: chromium
[2024-12-23T07:49:45.969Z] INFO: Test environment: uat
[2024-12-23T07:49:45.973Z] INFO: Browser: chromium
[2024-12-23T07:49:48.748Z] INFO: Test environment: uat
[2024-12-23T07:49:48.752Z] INFO: Browser: chromium
[2024-12-23T07:49:57.193Z] INFO: Test environment: uat
[2024-12-23T07:49:57.197Z] INFO: Browser: chromium
[2024-12-23T07:49:58.907Z] INFO: Test environment: uat
[2024-12-23T07:49:58.912Z] INFO: Browser: chromium
[2024-12-23T07:50:01.096Z] INFO: Test environment: uat
[2024-12-23T07:50:01.100Z] INFO: Browser: chromium
[2024-12-23T07:50:03.058Z] INFO: Test environment: uat
[2024-12-23T07:50:03.063Z] INFO: Browser: chromium
[2024-12-23T07:50:04.411Z] INFO: Test environment: uat
[2024-12-23T07:50:04.414Z] INFO: Browser: chromium
[2024-12-23T07:50:06.293Z] INFO: Test environment: uat
[2024-12-23T07:50:06.297Z] INFO: Browser: chromium
[2024-12-24T03:36:53.809Z] INFO: Test environment: uat
[2024-12-24T03:36:53.811Z] INFO: Browser: chromium
[2024-12-24T03:36:57.466Z] INFO: Test environment: uat
[2024-12-24T03:36:57.468Z] INFO: Browser: chromium
[2024-12-24T03:37:02.528Z] INFO: Test environment: uat
[2024-12-24T03:37:02.531Z] INFO: Browser: chromium
[2024-12-24T03:37:07.099Z] INFO: Test environment: uat
[2024-12-24T03:37:07.101Z] INFO: Browser: chromium
[2024-12-24T03:37:10.828Z] INFO: Test environment: uat
[2024-12-24T03:37:10.831Z] INFO: Browser: chromium
[2024-12-24T03:37:13.528Z] INFO: Test environment: uat
[2024-12-24T03:37:13.530Z] INFO: Browser: chromium
[2024-12-24T03:37:18.484Z] INFO: Test environment: uat
[2024-12-24T03:37:18.486Z] INFO: Browser: chromium
[2024-12-24T03:37:20.926Z] INFO: Test environment: uat
[2024-12-24T03:37:20.929Z] INFO: Browser: chromium
[2024-12-24T03:37:30.677Z] INFO: Test environment: uat
[2024-12-24T03:37:30.680Z] INFO: Browser: chromium
[2024-12-24T03:37:31.706Z] INFO: Test environment: uat
[2024-12-24T03:37:31.709Z] INFO: Browser: chromium
[2024-12-24T03:37:44.634Z] INFO: Test environment: uat
[2024-12-24T03:37:44.636Z] INFO: Browser: chromium
[2024-12-24T03:37:45.606Z] INFO: Test environment: uat
[2024-12-24T03:37:45.608Z] INFO: Browser: chromium
[2024-12-24T03:37:47.748Z] INFO: Test environment: uat
[2024-12-24T03:37:47.750Z] INFO: Browser: chromium
[2024-12-24T03:38:14.831Z] INFO: Test environment: uat
[2024-12-24T03:38:14.834Z] INFO: Browser: chromium
[2024-12-24T03:38:15.838Z] INFO: Test environment: uat
[2024-12-24T03:38:15.840Z] INFO: Browser: chromium
[2024-12-24T03:38:58.673Z] INFO: Test environment: uat
[2024-12-24T03:38:58.676Z] INFO: Browser: chromium
[2024-12-24T03:39:00.465Z] INFO: Test environment: uat
[2024-12-24T03:39:00.467Z] INFO: Browser: chromium
[2024-12-24T03:39:01.268Z] INFO: Test environment: uat
[2024-12-24T03:39:01.270Z] INFO: Browser: chromium
[2024-12-24T03:39:27.144Z] INFO: Test environment: uat
[2024-12-24T03:39:27.146Z] INFO: Browser: chromium
[2024-12-24T03:55:54.817Z] INFO: Test environment: uat
[2024-12-24T03:55:54.819Z] INFO: Browser: chromium
[2024-12-24T03:55:57.107Z] INFO: Test environment: uat
[2024-12-24T03:55:57.109Z] INFO: Browser: chromium
[2024-12-24T03:56:00.094Z] INFO: Test environment: uat
[2024-12-24T03:56:00.096Z] INFO: Browser: chromium
[2024-12-24T03:57:35.372Z] INFO: Test environment: uat
[2024-12-24T03:57:35.374Z] INFO: Browser: chromium
[2024-12-24T03:57:38.169Z] INFO: Test environment: uat
[2024-12-24T03:57:38.171Z] INFO: Browser: chromium
[2024-12-24T03:57:49.570Z] INFO: Test environment: uat
[2024-12-24T03:57:49.572Z] INFO: Browser: chromium
[2024-12-24T03:57:50.631Z] INFO: Test environment: uat
[2024-12-24T03:57:50.633Z] INFO: Browser: chromium
[2024-12-24T03:57:51.370Z] INFO: Test environment: uat
[2024-12-24T03:57:51.373Z] INFO: Browser: chromium
[2024-12-24T03:57:54.344Z] INFO: Test environment: uat
[2024-12-24T03:57:54.346Z] INFO: Browser: chromium
[2024-12-24T03:58:13.994Z] INFO: Test environment: uat
[2024-12-24T03:58:13.996Z] INFO: Browser: chromium
[2024-12-24T03:58:47.601Z] INFO: Test environment: uat
[2024-12-24T03:58:47.603Z] INFO: Browser: chromium
[2024-12-24T03:58:51.634Z] INFO: Test environment: uat
[2024-12-24T03:58:51.636Z] INFO: Browser: chromium
[2024-12-24T03:58:53.359Z] INFO: Test environment: uat
[2024-12-24T03:58:53.361Z] INFO: Browser: chromium
[2024-12-24T03:59:05.876Z] INFO: Test environment: uat
[2024-12-24T03:59:05.879Z] INFO: Browser: chromium
[2024-12-24T03:59:06.665Z] INFO: Test environment: uat
[2024-12-24T03:59:06.668Z] INFO: Browser: chromium
[2024-12-24T03:59:13.644Z] INFO: Test environment: uat
[2024-12-24T03:59:13.646Z] INFO: Browser: chromium
[2024-12-24T03:59:24.133Z] INFO: Test environment: uat
[2024-12-24T03:59:24.135Z] INFO: Browser: chromium
[2024-12-24T03:59:29.490Z] INFO: Test environment: uat
[2024-12-24T03:59:29.492Z] INFO: Browser: chromium
[2024-12-24T03:59:31.354Z] INFO: Test environment: uat
[2024-12-24T03:59:31.357Z] INFO: Browser: chromium
[2024-12-24T03:59:33.227Z] INFO: Test environment: uat
[2024-12-24T03:59:33.229Z] INFO: Browser: chromium
[2024-12-24T03:59:36.200Z] INFO: Test environment: uat
[2024-12-24T03:59:36.202Z] INFO: Browser: chromium
[2024-12-24T03:59:38.953Z] INFO: Test environment: uat
[2024-12-24T03:59:38.955Z] INFO: Browser: chromium
[2024-12-24T03:59:41.760Z] INFO: Test environment: uat
[2024-12-24T03:59:41.763Z] INFO: Browser: chromium
[2024-12-24T03:59:44.023Z] INFO: Test environment: uat
[2024-12-24T03:59:44.025Z] INFO: Browser: chromium
[2024-12-24T03:59:44.993Z] INFO: Test environment: uat
[2024-12-24T03:59:44.995Z] INFO: Browser: chromium
[2024-12-24T03:59:54.363Z] INFO: Test environment: uat
[2024-12-24T03:59:54.365Z] INFO: Browser: chromium
[2024-12-24T03:59:55.364Z] INFO: Test environment: uat
[2024-12-24T03:59:55.366Z] INFO: Browser: chromium
[2024-12-24T04:00:07.776Z] INFO: Test environment: uat
[2024-12-24T04:00:07.779Z] INFO: Browser: chromium
[2024-12-24T04:00:10.900Z] INFO: Test environment: uat
[2024-12-24T04:00:10.902Z] INFO: Browser: chromium
[2024-12-24T04:00:16.894Z] INFO: Test environment: uat
[2024-12-24T04:00:16.896Z] INFO: Browser: chromium
[2024-12-24T04:00:17.632Z] INFO: Test environment: uat
[2024-12-24T04:00:17.634Z] INFO: Browser: chromium
[2024-12-24T04:00:53.048Z] INFO: Test environment: uat
[2024-12-24T04:00:53.050Z] INFO: Browser: chromium
[2024-12-24T04:00:54.041Z] INFO: Test environment: uat
[2024-12-24T04:00:54.044Z] INFO: Browser: chromium
[2024-12-24T04:00:59.762Z] INFO: Test environment: uat
[2024-12-24T04:00:59.764Z] INFO: Browser: chromium
[2024-12-24T04:01:05.747Z] INFO: Test environment: uat
[2024-12-24T04:01:05.749Z] INFO: Browser: chromium
[2024-12-24T04:01:06.692Z] INFO: Test environment: uat
[2024-12-24T04:01:15.442Z] INFO: Test environment: uat
[2024-12-24T04:01:15.444Z] INFO: Browser: chromium
[2024-12-24T04:01:16.391Z] INFO: Test environment: uat
[2024-12-24T04:01:16.393Z] INFO: Browser: chromium
[2024-12-24T04:01:18.539Z] INFO: Test environment: uat
[2024-12-24T04:01:18.541Z] INFO: Browser: chromium
[2024-12-24T04:01:35.946Z] INFO: Test environment: uat
[2024-12-24T04:01:35.949Z] INFO: Browser: chromium
[2024-12-24T04:01:36.894Z] INFO: Test environment: uat
[2024-12-24T04:01:36.896Z] INFO: Browser: chromium
[2024-12-24T04:01:50.730Z] INFO: Test environment: uat
[2024-12-24T04:01:50.732Z] INFO: Browser: chromium
[2024-12-24T04:01:51.840Z] INFO: Test environment: uat
[2024-12-24T04:01:51.842Z] INFO: Browser: chromium
[2024-12-24T04:01:56.986Z] INFO: Test environment: uat
[2024-12-24T04:01:56.988Z] INFO: Browser: chromium
[2024-12-24T04:01:58.669Z] INFO: Test environment: uat
[2024-12-24T04:01:58.671Z] INFO: Browser: chromium
[2024-12-24T04:01:59.628Z] INFO: Test environment: uat
[2024-12-24T04:01:59.631Z] INFO: Browser: chromium
[2024-12-24T04:02:07.201Z] INFO: Test environment: uat
[2024-12-24T04:02:07.203Z] INFO: Browser: chromium
[2024-12-24T04:02:08.007Z] INFO: Test environment: uat
[2024-12-24T04:02:08.009Z] INFO: Browser: chromium
[2024-12-24T04:02:27.340Z] INFO: Login to the application
[2024-12-24T04:02:30.944Z] INFO: Home Page elements visibility verified on load
[2024-12-24T04:02:38.353Z] INFO: Navigate to screen PRL210
[2024-12-24T04:02:38.416Z] INFO: Total Supplier Count=0
[2024-12-24T04:04:45.000Z] INFO: Test environment: uat
[2024-12-24T04:04:45.003Z] INFO: Browser: chromium
[2024-12-24T04:04:46.071Z] INFO: Test environment: uat
[2024-12-24T04:04:46.073Z] INFO: Browser: chromium
[2024-12-24T04:04:48.169Z] INFO: Login to the application
[2024-12-24T04:04:50.323Z] INFO: Home Page elements visibility verified on load
[2024-12-24T04:04:53.095Z] INFO: Navigate to screen PRL210
[2024-12-24T04:05:20.170Z] INFO: Test environment: uat
[2024-12-24T04:05:20.173Z] INFO: Browser: chromium
[2024-12-24T04:05:20.872Z] INFO: Test environment: uat
[2024-12-24T04:05:20.874Z] INFO: Browser: chromium
[2024-12-24T04:05:23.133Z] INFO: Login to the application
[2024-12-24T04:05:25.675Z] INFO: Home Page elements visibility verified on load
[2024-12-24T04:05:28.788Z] INFO: Navigate to screen PRL210
[2024-12-24T04:06:55.500Z] INFO: Test environment: uat
[2024-12-24T04:06:55.502Z] INFO: Browser: chromium
[2024-12-24T04:06:56.384Z] INFO: Test environment: uat
[2024-12-24T04:06:56.386Z] INFO: Browser: chromium
[2024-12-24T04:06:58.609Z] INFO: Login to the application
[2024-12-24T04:07:01.134Z] INFO: Home Page elements visibility verified on load
[2024-12-24T04:07:04.294Z] INFO: Navigate to screen PRL210
[2024-12-24T04:07:04.300Z] INFO: Total Supplier Count=undefined
[2024-12-24T04:07:53.338Z] INFO: Test environment: uat
[2024-12-24T04:07:53.340Z] INFO: Browser: chromium
[2024-12-24T04:07:54.197Z] INFO: Test environment: uat
[2024-12-24T04:07:54.199Z] INFO: Browser: chromium
[2024-12-24T04:07:56.454Z] INFO: Login to the application
[2024-12-24T04:07:58.445Z] INFO: Home Page elements visibility verified on load
[2024-12-24T04:08:01.661Z] INFO: Navigate to screen PRL210
[2024-12-24T04:08:01.671Z] INFO: Total Supplier Count=0
[2024-12-24T04:20:57.451Z] INFO: Test environment: uat
[2024-12-24T04:20:57.454Z] INFO: Browser: chromium
[2024-12-24T04:20:58.330Z] INFO: Test environment: uat
[2024-12-24T04:20:58.332Z] INFO: Browser: chromium
[2024-12-24T04:21:03.971Z] INFO: Login to the application
[2024-12-24T04:21:06.186Z] INFO: Home Page elements visibility verified on load
[2024-12-24T04:21:10.366Z] INFO: Navigate to screen PRL210
[2024-12-24T04:23:17.408Z] INFO: Test environment: uat
[2024-12-24T04:23:17.410Z] INFO: Browser: chromium
[2024-12-24T04:23:18.283Z] INFO: Test environment: uat
[2024-12-24T04:23:18.285Z] INFO: Browser: chromium
[2024-12-24T04:23:24.514Z] INFO: Login to the application
[2024-12-24T04:23:27.438Z] INFO: Home Page elements visibility verified on load
[2024-12-24T04:23:30.189Z] INFO: Navigate to screen PRL210
[2024-12-24T04:24:07.447Z] INFO: Test environment: uat
[2024-12-24T04:24:07.450Z] INFO: Browser: chromium
[2024-12-24T04:24:08.331Z] INFO: Test environment: uat
[2024-12-24T04:24:08.333Z] INFO: Browser: chromium
[2024-12-24T04:24:13.295Z] INFO: Login to the application
[2024-12-24T04:24:18.187Z] INFO: Home Page elements visibility verified on load
[2024-12-24T04:24:21.777Z] INFO: Navigate to screen PRL210
[2024-12-24T04:26:55.759Z] INFO: Test environment: uat
[2024-12-24T04:26:55.761Z] INFO: Browser: chromium
[2024-12-24T04:26:56.605Z] INFO: Test environment: uat
[2024-12-24T04:26:56.607Z] INFO: Browser: chromium
[2024-12-24T04:26:58.603Z] INFO: Login to the application
[2024-12-24T04:27:00.969Z] INFO: Home Page elements visibility verified on load
[2024-12-24T04:27:03.789Z] INFO: Navigate to screen PRL210
[2024-12-24T04:27:04.747Z] INFO: Total Supplier Count=15
[2024-12-24T04:28:38.317Z] INFO: Test environment: uat
[2024-12-24T04:28:38.319Z] INFO: Browser: chromium
[2024-12-24T04:28:39.169Z] INFO: Test environment: uat
[2024-12-24T04:28:39.171Z] INFO: Browser: chromium
[2024-12-24T04:28:41.264Z] INFO: Login to the application
[2024-12-24T04:28:43.119Z] INFO: Home Page elements visibility verified on load
[2024-12-24T04:28:46.210Z] INFO: Navigate to screen PRL210
[2024-12-24T04:28:47.160Z] INFO: Total Supplier Count=15
[2024-12-24T04:29:26.292Z] INFO: Test environment: uat
[2024-12-24T04:29:26.294Z] INFO: Browser: chromium
[2024-12-24T04:29:27.149Z] INFO: Test environment: uat
[2024-12-24T04:29:27.151Z] INFO: Browser: chromium
[2024-12-24T04:29:29.296Z] INFO: Login to the application
[2024-12-24T04:29:31.325Z] INFO: Home Page elements visibility verified on load
[2024-12-24T04:29:34.170Z] INFO: Navigate to screen PRL210
[2024-12-24T04:29:35.110Z] INFO: Total Supplier Count=15
[2024-12-24T04:30:08.659Z] INFO: Test environment: uat
[2024-12-24T04:30:08.662Z] INFO: Browser: chromium
[2024-12-24T04:30:09.347Z] INFO: Test environment: uat
[2024-12-24T04:30:09.349Z] INFO: Browser: chromium
[2024-12-24T04:30:14.009Z] INFO: Login to the application
[2024-12-24T04:30:20.591Z] INFO: Home Page elements visibility verified on load
[2024-12-24T04:30:31.486Z] INFO: Navigate to screen PRL210
[2024-12-24T04:30:31.978Z] INFO: Total Supplier Count=15
[2024-12-24T04:39:57.756Z] INFO: Test environment: uat
[2024-12-24T04:39:57.758Z] INFO: Browser: chromium
[2024-12-24T04:39:58.603Z] INFO: Test environment: uat
[2024-12-24T04:39:58.605Z] INFO: Browser: chromium
[2024-12-24T04:40:02.860Z] INFO: Login to the application
[2024-12-24T04:40:06.765Z] INFO: Home Page elements visibility verified on load
[2024-12-24T04:40:17.176Z] INFO: Navigate to screen PRL210
[2024-12-24T04:40:19.031Z] INFO: Total Supplier Count=15
[2024-12-24T04:47:31.185Z] INFO: Test environment: uat
[2024-12-24T04:47:31.187Z] INFO: Browser: chromium
[2024-12-24T04:55:32.751Z] INFO: Test environment: uat
[2024-12-24T04:55:32.753Z] INFO: Browser: chromium
[2024-12-24T04:55:39.355Z] INFO: Test environment: uat
[2024-12-24T04:55:39.357Z] INFO: Browser: chromium
[2024-12-24T04:55:42.119Z] INFO: Test environment: uat
[2024-12-24T04:55:42.121Z] INFO: Browser: chromium
[2024-12-24T04:55:46.264Z] INFO: Test environment: uat
[2024-12-24T04:55:46.267Z] INFO: Browser: chromium
[2024-12-24T04:55:47.002Z] INFO: Test environment: uat
[2024-12-24T04:55:47.004Z] INFO: Browser: chromium
[2024-12-24T05:17:14.548Z] INFO: Test environment: uat
[2024-12-24T05:17:14.550Z] INFO: Browser: chromium
[2024-12-24T05:17:15.479Z] INFO: Test environment: uat
[2024-12-24T05:17:15.481Z] INFO: Browser: chromium
[2024-12-24T05:17:19.525Z] INFO: Login to the application
[2024-12-24T05:17:21.976Z] INFO: Home Page elements visibility verified on load
[2024-12-24T05:17:24.824Z] INFO: Navigate to screen PRL210
[2024-12-24T05:17:27.522Z] INFO: Total Supplier Count=15
[2024-12-24T05:23:25.582Z] INFO: Test environment: uat
[2024-12-24T05:23:25.584Z] INFO: Browser: chromium
[2024-12-24T05:23:26.504Z] INFO: Test environment: uat
[2024-12-24T05:23:26.506Z] INFO: Browser: chromium
[2024-12-24T05:24:25.318Z] INFO: Test environment: uat
[2024-12-24T05:24:25.320Z] INFO: Browser: chromium
[2024-12-24T05:24:26.201Z] INFO: Test environment: uat
[2024-12-24T05:24:26.203Z] INFO: Browser: chromium
[2024-12-24T05:24:28.365Z] INFO: Login to the application
[2024-12-24T05:24:31.696Z] INFO: Home Page elements visibility verified on load
[2024-12-24T05:24:34.540Z] INFO: Navigate to screen PRL210
[2024-12-24T05:24:35.473Z] INFO: Total Supplier Count=15
[2024-12-24T05:26:39.608Z] INFO: Test environment: uat
[2024-12-24T05:26:39.610Z] INFO: Browser: chromium
[2024-12-24T05:26:40.499Z] INFO: Test environment: uat
[2024-12-24T05:26:40.501Z] INFO: Browser: chromium
[2024-12-24T05:26:42.717Z] INFO: Login to the application
[2024-12-24T05:26:45.045Z] INFO: Home Page elements visibility verified on load
[2024-12-24T05:26:48.654Z] INFO: Navigate to screen PRL210
[2024-12-24T05:26:50.071Z] INFO: Total Supplier Count=15
[2024-12-24T05:28:46.551Z] INFO: Test environment: uat
[2024-12-24T05:28:46.554Z] INFO: Browser: chromium
[2024-12-24T05:28:47.272Z] INFO: Test environment: uat
[2024-12-24T05:28:47.274Z] INFO: Browser: chromium
[2024-12-24T05:28:52.022Z] INFO: Login to the application
[2024-12-24T05:28:53.679Z] INFO: Home Page elements visibility verified on load
[2024-12-24T05:28:56.967Z] INFO: Navigate to screen PRL210
[2024-12-24T05:28:57.575Z] INFO: Total Supplier Count=15
[2024-12-24T05:29:56.094Z] INFO: Test environment: uat
[2024-12-24T05:29:56.096Z] INFO: Browser: chromium
[2024-12-24T05:29:57.039Z] INFO: Test environment: uat
[2024-12-24T05:29:57.041Z] INFO: Browser: chromium
[2024-12-24T05:29:57.801Z] INFO: Test environment: uat
[2024-12-24T05:29:57.804Z] INFO: Browser: chromium
[2024-12-24T05:29:58.558Z] INFO: Test environment: uat
[2024-12-24T05:29:58.561Z] INFO: Browser: chromium
[2024-12-24T05:29:59.200Z] INFO: Test environment: uat
[2024-12-24T05:29:59.202Z] INFO: Browser: chromium
[2024-12-24T05:29:59.885Z] INFO: Test environment: uat
[2024-12-24T05:29:59.888Z] INFO: Browser: chromium
[2024-12-24T05:30:02.155Z] INFO: Login to the application
[2024-12-24T05:30:04.429Z] INFO: Home Page elements visibility verified on load
[2024-12-24T05:30:07.757Z] INFO: Navigate to screen PRL210
[2024-12-24T05:30:08.426Z] INFO: locator('[data-internal-ref] > [axes=\'SUPPLIER\']').first(),locator('[data-internal-ref] > [axes=\'SUPPLIER\']').nth(1),locator('[data-internal-ref] > [axes=\'SUPPLIER\']').nth(2),locator('[data-internal-ref] > [axes=\'SUPPLIER\']').nth(3),locator('[data-internal-ref] > [axes=\'SUPPLIER\']').nth(4),locator('[data-internal-ref] > [axes=\'SUPPLIER\']').nth(5),locator('[data-internal-ref] > [axes=\'SUPPLIER\']').nth(6),locator('[data-internal-ref] > [axes=\'SUPPLIER\']').nth(7),locator('[data-internal-ref] > [axes=\'SUPPLIER\']').nth(8),locator('[data-internal-ref] > [axes=\'SUPPLIER\']').nth(9),locator('[data-internal-ref] > [axes=\'SUPPLIER\']').nth(10),locator('[data-internal-ref] > [axes=\'SUPPLIER\']').nth(11),locator('[data-internal-ref] > [axes=\'SUPPLIER\']').nth(12),locator('[data-internal-ref] > [axes=\'SUPPLIER\']').nth(13),locator('[data-internal-ref] > [axes=\'SUPPLIER\']').nth(14)
[2024-12-24T05:30:08.429Z] INFO: Total Supplier Count=15
[2024-12-24T05:33:57.378Z] INFO: Test environment: uat
[2024-12-24T05:33:57.381Z] INFO: Browser: chromium
[2024-12-24T05:33:59.735Z] INFO: Test environment: uat
[2024-12-24T05:33:59.738Z] INFO: Browser: chromium
[2024-12-24T05:34:00.644Z] INFO: Test environment: uat
[2024-12-24T05:34:00.646Z] INFO: Browser: chromium
[2024-12-24T05:34:03.763Z] INFO: Test environment: uat
[2024-12-24T05:34:03.765Z] INFO: Browser: chromium
[2024-12-24T05:34:04.984Z] INFO: Test environment: uat
[2024-12-24T05:34:04.986Z] INFO: Browser: chromium
[2024-12-24T05:34:05.921Z] INFO: Test environment: uat
[2024-12-24T05:34:05.924Z] INFO: Browser: chromium
[2024-12-24T05:34:10.968Z] INFO: Test environment: uat
[2024-12-24T05:34:10.970Z] INFO: Browser: chromium
[2024-12-24T05:34:11.701Z] INFO: Test environment: uat
[2024-12-24T05:34:11.703Z] INFO: Browser: chromium
[2024-12-24T05:34:18.470Z] INFO: Test environment: uat
[2024-12-24T05:34:18.472Z] INFO: Browser: chromium
[2024-12-24T05:34:19.175Z] INFO: Test environment: uat
[2024-12-24T05:34:19.177Z] INFO: Browser: chromium
[2024-12-24T05:34:21.153Z] INFO: Login to the application
[2024-12-24T05:34:23.672Z] INFO: Home Page elements visibility verified on load
[2024-12-24T05:34:26.691Z] INFO: Navigate to screen PRL210
[2024-12-24T05:34:27.101Z] INFO: locator('[data-internal-ref] > [axes=\'SUPPLIER\']').first(),locator('[data-internal-ref] > [axes=\'SUPPLIER\']').nth(1),locator('[data-internal-ref] > [axes=\'SUPPLIER\']').nth(2),locator('[data-internal-ref] > [axes=\'SUPPLIER\']').nth(3),locator('[data-internal-ref] > [axes=\'SUPPLIER\']').nth(4),locator('[data-internal-ref] > [axes=\'SUPPLIER\']').nth(5),locator('[data-internal-ref] > [axes=\'SUPPLIER\']').nth(6),locator('[data-internal-ref] > [axes=\'SUPPLIER\']').nth(7),locator('[data-internal-ref] > [axes=\'SUPPLIER\']').nth(8),locator('[data-internal-ref] > [axes=\'SUPPLIER\']').nth(9),locator('[data-internal-ref] > [axes=\'SUPPLIER\']').nth(10),locator('[data-internal-ref] > [axes=\'SUPPLIER\']').nth(11),locator('[data-internal-ref] > [axes=\'SUPPLIER\']').nth(12),locator('[data-internal-ref] > [axes=\'SUPPLIER\']').nth(13),locator('[data-internal-ref] > [axes=\'SUPPLIER\']').nth(14)
[2024-12-24T05:34:27.104Z] INFO: Total Supplier Count=15
[2024-12-24T05:36:17.458Z] INFO: Test environment: uat
[2024-12-24T05:36:17.461Z] INFO: Browser: chromium
[2024-12-24T05:36:18.417Z] INFO: Test environment: uat
[2024-12-24T05:36:18.420Z] INFO: Browser: chromium
[2024-12-24T05:47:57.857Z] INFO: Test environment: uat
[2024-12-24T05:48:00.068Z] INFO: Test environment: uat
[2024-12-24T05:48:00.070Z] INFO: Browser: chromium
[2024-12-24T05:48:03.150Z] INFO: Test environment: uat
[2024-12-24T05:48:03.153Z] INFO: Browser: chromium
[2024-12-24T05:48:04.536Z] INFO: Test environment: uat
[2024-12-24T05:48:04.538Z] INFO: Browser: chromium
[2024-12-24T05:48:08.012Z] INFO: Test environment: uat
[2024-12-24T05:48:08.015Z] INFO: Browser: chromium
[2024-12-24T05:48:09.601Z] INFO: Test environment: uat
[2024-12-24T05:48:09.603Z] INFO: Browser: chromium
[2024-12-24T05:48:11.066Z] INFO: Test environment: uat
[2024-12-24T05:48:11.068Z] INFO: Browser: chromium
[2024-12-24T05:48:12.401Z] INFO: Test environment: uat
[2024-12-24T05:48:12.403Z] INFO: Browser: chromium
[2024-12-24T05:48:13.352Z] INFO: Test environment: uat
[2024-12-24T05:48:13.354Z] INFO: Browser: chromium
[2024-12-24T05:48:18.319Z] INFO: Test environment: uat
[2024-12-24T05:48:18.321Z] INFO: Browser: chromium
[2024-12-24T05:48:19.059Z] INFO: Test environment: uat
[2024-12-24T05:48:19.061Z] INFO: Browser: chromium
[2024-12-24T05:48:22.703Z] INFO: Test environment: uat
[2024-12-24T05:48:22.705Z] INFO: Browser: chromium
[2024-12-24T05:48:37.621Z] INFO: Test environment: uat
[2024-12-24T05:48:37.623Z] INFO: Browser: chromium
[2024-12-24T05:48:38.318Z] INFO: Test environment: uat
[2024-12-24T05:48:38.321Z] INFO: Browser: chromium
[2024-12-24T05:48:40.318Z] INFO: Login to the application
[2024-12-24T05:48:42.490Z] INFO: Home Page elements visibility verified on load
[2024-12-24T05:48:46.914Z] INFO: Navigate to screen PRL210
[2024-12-24T05:48:47.549Z] INFO: Total Supplier Count=15
[2024-12-24T05:49:59.795Z] INFO: Content:locator('[data-internal-ref] > [axes=\'SUPPLIER\']').first(),locator('[data-internal-ref] > [axes=\'SUPPLIER\']').nth(1),locator('[data-internal-ref] > [axes=\'SUPPLIER\']').nth(2),locator('[data-internal-ref] > [axes=\'SUPPLIER\']').nth(3),locator('[data-internal-ref] > [axes=\'SUPPLIER\']').nth(4),locator('[data-internal-ref] > [axes=\'SUPPLIER\']').nth(5),locator('[data-internal-ref] > [axes=\'SUPPLIER\']').nth(6),locator('[data-internal-ref] > [axes=\'SUPPLIER\']').nth(7),locator('[data-internal-ref] > [axes=\'SUPPLIER\']').nth(8),locator('[data-internal-ref] > [axes=\'SUPPLIER\']').nth(9),locator('[data-internal-ref] > [axes=\'SUPPLIER\']').nth(10),locator('[data-internal-ref] > [axes=\'SUPPLIER\']').nth(11),locator('[data-internal-ref] > [axes=\'SUPPLIER\']').nth(12),locator('[data-internal-ref] > [axes=\'SUPPLIER\']').nth(13),locator('[data-internal-ref] > [axes=\'SUPPLIER\']').nth(14)
[2024-12-24T05:50:18.458Z] INFO: Test environment: uat
[2024-12-24T05:50:18.460Z] INFO: Browser: chromium
[2024-12-24T05:50:19.719Z] INFO: Test environment: uat
[2024-12-24T05:50:19.721Z] INFO: Browser: chromium
[2024-12-24T05:51:06.330Z] INFO: Test environment: uat
[2024-12-24T05:51:06.332Z] INFO: Browser: chromium
[2024-12-24T05:51:11.035Z] INFO: Test environment: uat
[2024-12-24T05:51:11.037Z] INFO: Browser: chromium
[2024-12-24T05:51:14.130Z] INFO: Test environment: uat
[2024-12-24T05:51:14.133Z] INFO: Browser: chromium
[2024-12-24T05:51:17.560Z] INFO: Test environment: uat
[2024-12-24T05:51:17.562Z] INFO: Browser: chromium
[2024-12-24T05:51:22.199Z] INFO: Test environment: uat
[2024-12-24T05:51:22.201Z] INFO: Browser: chromium
[2024-12-24T05:51:24.059Z] INFO: Test environment: uat
[2024-12-24T05:51:24.061Z] INFO: Browser: chromium
[2024-12-24T05:51:25.019Z] INFO: Test environment: uat
[2024-12-24T05:51:25.021Z] INFO: Browser: chromium
[2024-12-24T05:51:27.050Z] INFO: Test environment: uat
[2024-12-24T05:51:27.052Z] INFO: Browser: chromium
[2024-12-24T05:51:27.815Z] INFO: Test environment: uat
[2024-12-24T05:51:27.817Z] INFO: Browser: chromium
[2024-12-24T05:51:31.546Z] INFO: Test environment: uat
[2024-12-24T05:51:31.548Z] INFO: Browser: chromium
[2024-12-24T05:51:37.016Z] INFO: Test environment: uat
[2024-12-24T05:51:37.018Z] INFO: Browser: chromium
[2024-12-24T05:51:37.701Z] INFO: Test environment: uat
[2024-12-24T05:51:37.703Z] INFO: Browser: chromium
[2024-12-24T05:51:40.933Z] INFO: Login to the application
[2024-12-24T05:51:42.851Z] INFO: Home Page elements visibility verified on load
[2024-12-24T05:51:46.193Z] INFO: Navigate to screen PRL210
[2024-12-24T05:51:46.799Z] INFO: Total Supplier Count=15
[2024-12-24T05:54:33.450Z] INFO: Test environment: uat
[2024-12-24T05:54:33.452Z] INFO: Browser: chromium
[2024-12-24T05:54:35.089Z] INFO: Test environment: uat
[2024-12-24T05:54:35.091Z] INFO: Browser: chromium
[2024-12-24T05:54:38.262Z] INFO: Test environment: uat
[2024-12-24T05:54:38.264Z] INFO: Browser: chromium
[2024-12-24T05:54:39.532Z] INFO: Test environment: uat
[2024-12-24T05:54:39.534Z] INFO: Browser: chromium
[2024-12-24T05:54:45.949Z] INFO: Test environment: uat
[2024-12-24T05:54:45.951Z] INFO: Browser: chromium
[2024-12-24T05:54:49.560Z] INFO: Test environment: uat
[2024-12-24T05:54:49.562Z] INFO: Browser: chromium
[2024-12-24T05:54:52.677Z] INFO: Test environment: uat
[2024-12-24T05:54:52.679Z] INFO: Browser: chromium
[2024-12-24T05:54:55.955Z] INFO: Test environment: uat
[2024-12-24T05:54:55.957Z] INFO: Browser: chromium
[2024-12-24T05:54:56.909Z] INFO: Test environment: uat
[2024-12-24T05:54:56.911Z] INFO: Browser: chromium
[2024-12-24T05:55:08.429Z] INFO: Test environment: uat
[2024-12-24T05:55:08.431Z] INFO: Browser: chromium
[2024-12-24T05:55:17.905Z] INFO: Test environment: uat
[2024-12-24T05:55:17.907Z] INFO: Browser: chromium
[2024-12-24T05:55:19.111Z] INFO: Test environment: uat
[2024-12-24T05:55:19.113Z] INFO: Browser: chromium
[2024-12-24T05:55:22.516Z] INFO: Test environment: uat
[2024-12-24T05:55:22.518Z] INFO: Browser: chromium
[2024-12-24T05:55:23.205Z] INFO: Test environment: uat
[2024-12-24T05:55:23.207Z] INFO: Browser: chromium
[2024-12-24T05:55:25.947Z] INFO: Login to the application
[2024-12-24T05:55:27.578Z] INFO: Home Page elements visibility verified on load
[2024-12-24T05:55:30.417Z] INFO: Navigate to screen PRL210
[2024-12-24T05:55:31.212Z] INFO: Total Supplier Count=15
[2024-12-24T05:55:33.280Z] INFO: Iteration 0
[2024-12-24T05:55:36.388Z] INFO: Iteration 1
[2024-12-24T05:55:39.241Z] INFO: Iteration 2
[2024-12-24T05:55:43.061Z] INFO: Iteration 3
[2024-12-24T05:55:45.871Z] INFO: Iteration 4
[2024-12-24T05:55:49.858Z] INFO: Iteration 5
[2024-12-24T05:55:53.883Z] INFO: Iteration 6
[2024-12-24T05:55:58.350Z] INFO: Iteration 7
[2024-12-24T05:56:02.113Z] INFO: Iteration 8
[2024-12-24T05:56:05.883Z] INFO: Iteration 9
[2024-12-24T05:56:10.044Z] INFO: Iteration 10
[2024-12-24T05:56:12.686Z] INFO: Iteration 11
[2024-12-24T05:56:17.195Z] INFO: Iteration 12
[2024-12-24T05:56:20.146Z] INFO: Iteration 13
[2024-12-24T05:56:22.944Z] INFO: Iteration 14
[2024-12-24T05:56:23.398Z] INFO: supplist
[2024-12-24T05:56:23.400Z] INFO: Content:locator('[data-internal-ref] > [axes=\'SUPPLIER\']').first(),locator('[data-internal-ref] > [axes=\'SUPPLIER\']').nth(1),locator('[data-internal-ref] > [axes=\'SUPPLIER\']').nth(2),locator('[data-internal-ref] > [axes=\'SUPPLIER\']').nth(3),locator('[data-internal-ref] > [axes=\'SUPPLIER\']').nth(4),locator('[data-internal-ref] > [axes=\'SUPPLIER\']').nth(5),locator('[data-internal-ref] > [axes=\'SUPPLIER\']').nth(6),locator('[data-internal-ref] > [axes=\'SUPPLIER\']').nth(7),locator('[data-internal-ref] > [axes=\'SUPPLIER\']').nth(8),locator('[data-internal-ref] > [axes=\'SUPPLIER\']').nth(9),locator('[data-internal-ref] > [axes=\'SUPPLIER\']').nth(10),locator('[data-internal-ref] > [axes=\'SUPPLIER\']').nth(11),locator('[data-internal-ref] > [axes=\'SUPPLIER\']').nth(12),locator('[data-internal-ref] > [axes=\'SUPPLIER\']').nth(13),locator('[data-internal-ref] > [axes=\'SUPPLIER\']').nth(14)
[2024-12-24T05:58:35.537Z] INFO: Test environment: uat
[2024-12-24T05:58:35.539Z] INFO: Browser: chromium
[2024-12-24T05:58:54.929Z] INFO: Test environment: uat
[2024-12-24T05:58:54.931Z] INFO: Browser: chromium
[2024-12-24T05:58:55.869Z] INFO: Test environment: uat
[2024-12-24T05:58:55.871Z] INFO: Browser: chromium
[2024-12-24T05:59:19.130Z] INFO: Test environment: uat
[2024-12-24T05:59:19.132Z] INFO: Browser: chromium
[2024-12-24T05:59:19.810Z] INFO: Test environment: uat
[2024-12-24T05:59:19.812Z] INFO: Browser: chromium
[2024-12-24T05:59:22.769Z] INFO: Login to the application
[2024-12-24T05:59:25.053Z] INFO: Home Page elements visibility verified on load
[2024-12-24T05:59:29.534Z] INFO: Navigate to screen PRL210
[2024-12-24T05:59:30.151Z] INFO: Total Supplier Count=15
[2024-12-24T05:59:33.416Z] INFO: Iteration 0
[2024-12-24T05:59:36.777Z] INFO: Iteration 1
[2024-12-24T05:59:40.842Z] INFO: Iteration 2
[2024-12-24T05:59:43.731Z] INFO: Iteration 3
[2024-12-24T05:59:46.804Z] INFO: Iteration 4
[2024-12-24T05:59:51.000Z] INFO: Iteration 5
[2024-12-24T05:59:54.852Z] INFO: Iteration 6
[2024-12-24T05:59:57.688Z] INFO: Iteration 7
[2024-12-24T06:00:00.999Z] INFO: Iteration 8
[2024-12-24T06:00:05.333Z] INFO: Iteration 9
[2024-12-24T06:00:09.206Z] INFO: Iteration 10
[2024-12-24T06:00:13.054Z] INFO: Iteration 11
[2024-12-24T06:00:15.927Z] INFO: Iteration 12
[2024-12-24T06:00:18.612Z] INFO: Iteration 13
[2024-12-24T06:00:21.772Z] INFO: Iteration 14
[2024-12-24T06:00:22.245Z] INFO: supplist:
[2024-12-24T06:00:22.248Z] INFO: Content:locator('[data-internal-ref] > [axes=\'SUPPLIER\']').first(),locator('[data-internal-ref] > [axes=\'SUPPLIER\']').nth(1),locator('[data-internal-ref] > [axes=\'SUPPLIER\']').nth(2),locator('[data-internal-ref] > [axes=\'SUPPLIER\']').nth(3),locator('[data-internal-ref] > [axes=\'SUPPLIER\']').nth(4),locator('[data-internal-ref] > [axes=\'SUPPLIER\']').nth(5),locator('[data-internal-ref] > [axes=\'SUPPLIER\']').nth(6),locator('[data-internal-ref] > [axes=\'SUPPLIER\']').nth(7),locator('[data-internal-ref] > [axes=\'SUPPLIER\']').nth(8),locator('[data-internal-ref] > [axes=\'SUPPLIER\']').nth(9),locator('[data-internal-ref] > [axes=\'SUPPLIER\']').nth(10),locator('[data-internal-ref] > [axes=\'SUPPLIER\']').nth(11),locator('[data-internal-ref] > [axes=\'SUPPLIER\']').nth(12),locator('[data-internal-ref] > [axes=\'SUPPLIER\']').nth(13),locator('[data-internal-ref] > [axes=\'SUPPLIER\']').nth(14)
[2024-12-24T06:01:50.022Z] INFO: Test environment: uat
[2024-12-24T06:01:50.024Z] INFO: Browser: chromium
[2024-12-24T06:01:53.311Z] INFO: Test environment: uat
[2024-12-24T06:01:53.314Z] INFO: Browser: chromium
[2024-12-24T06:02:03.806Z] INFO: Test environment: uat
[2024-12-24T06:02:03.808Z] INFO: Browser: chromium
[2024-12-24T06:02:04.746Z] INFO: Test environment: uat
[2024-12-24T06:02:04.748Z] INFO: Browser: chromium
[2024-12-24T06:02:12.765Z] INFO: Test environment: uat
[2024-12-24T06:02:12.767Z] INFO: Browser: chromium
[2024-12-24T06:02:38.472Z] INFO: Test environment: uat
[2024-12-24T06:02:38.474Z] INFO: Browser: chromium
[2024-12-24T06:02:40.669Z] INFO: Test environment: uat
[2024-12-24T06:02:40.672Z] INFO: Browser: chromium
[2024-12-24T06:02:41.618Z] INFO: Test environment: uat
[2024-12-24T06:02:41.621Z] INFO: Browser: chromium
[2024-12-24T06:02:51.797Z] INFO: Test environment: uat
[2024-12-24T06:02:51.799Z] INFO: Browser: chromium
[2024-12-24T06:02:52.737Z] INFO: Test environment: uat
[2024-12-24T06:02:52.739Z] INFO: Browser: chromium
[2024-12-24T06:02:57.838Z] INFO: Test environment: uat
[2024-12-24T06:02:57.841Z] INFO: Browser: chromium
[2024-12-24T06:03:26.602Z] INFO: Test environment: uat
[2024-12-24T06:03:26.605Z] INFO: Browser: chromium
[2024-12-24T06:03:30.910Z] INFO: Test environment: uat
[2024-12-24T06:03:30.912Z] INFO: Browser: chromium
[2024-12-24T06:03:32.069Z] INFO: Test environment: uat
[2024-12-24T06:03:32.072Z] INFO: Browser: chromium
[2024-12-24T06:03:33.569Z] INFO: Test environment: uat
[2024-12-24T06:03:33.571Z] INFO: Browser: chromium
[2024-12-24T06:03:34.648Z] INFO: Test environment: uat
[2024-12-24T06:03:34.650Z] INFO: Browser: chromium
[2024-12-24T06:03:38.990Z] INFO: Test environment: uat
[2024-12-24T06:03:38.992Z] INFO: Browser: chromium
[2024-12-24T06:03:39.739Z] INFO: Test environment: uat
[2024-12-24T06:03:39.741Z] INFO: Browser: chromium
[2024-12-24T06:03:44.493Z] INFO: Test environment: uat
[2024-12-24T06:03:44.495Z] INFO: Browser: chromium
[2024-12-24T06:03:45.588Z] INFO: Test environment: uat
[2024-12-24T06:03:45.590Z] INFO: Browser: chromium
[2024-12-24T06:03:46.993Z] INFO: Test environment: uat
[2024-12-24T06:03:46.995Z] INFO: Browser: chromium
[2024-12-24T06:03:51.447Z] INFO: Test environment: uat
[2024-12-24T06:03:51.449Z] INFO: Browser: chromium
[2024-12-24T06:04:25.260Z] INFO: Test environment: uat
[2024-12-24T06:04:25.263Z] INFO: Browser: chromium
[2024-12-24T06:04:32.270Z] INFO: Test environment: uat
[2024-12-24T06:04:32.272Z] INFO: Browser: chromium
[2024-12-24T06:04:33.005Z] INFO: Test environment: uat
[2024-12-24T06:04:33.007Z] INFO: Browser: chromium
[2024-12-24T06:04:39.136Z] INFO: Test environment: uat
[2024-12-24T06:04:39.138Z] INFO: Browser: chromium
[2024-12-24T06:04:39.833Z] INFO: Test environment: uat
[2024-12-24T06:04:39.835Z] INFO: Browser: chromium
[2024-12-24T06:04:41.858Z] INFO: Login to the application
[2024-12-24T06:04:43.937Z] INFO: Home Page elements visibility verified on load
[2024-12-24T06:04:47.290Z] INFO: Navigate to screen PRL210
[2024-12-24T06:04:47.693Z] INFO: Total Supplier Count=15
[2024-12-24T06:04:51.228Z] INFO: Iteration 0
[2024-12-24T06:04:55.119Z] INFO: Iteration 1
[2024-12-24T06:04:58.163Z] INFO: Iteration 2
[2024-12-24T06:05:01.061Z] INFO: Iteration 3
[2024-12-24T06:05:04.876Z] INFO: Iteration 4
[2024-12-24T06:05:07.988Z] INFO: Iteration 5
[2024-12-24T06:05:12.190Z] INFO: Iteration 6
[2024-12-24T06:05:17.291Z] INFO: Iteration 7
[2024-12-24T06:05:21.126Z] INFO: Iteration 8
[2024-12-24T06:05:23.807Z] INFO: Iteration 9
[2024-12-24T06:05:27.577Z] INFO: Iteration 10
[2024-12-24T06:05:30.364Z] INFO: Iteration 11
[2024-12-24T06:05:33.172Z] INFO: Iteration 12
[2024-12-24T06:05:36.007Z] INFO: Iteration 13
[2024-12-24T06:05:41.495Z] INFO: Iteration 14
[2024-12-24T06:05:41.963Z] INFO: supplist:
[2024-12-24T06:05:41.966Z] INFO: Content:locator('[data-internal-ref] > [axes=\'SUPPLIER\']').first(),locator('[data-internal-ref] > [axes=\'SUPPLIER\']').nth(1),locator('[data-internal-ref] > [axes=\'SUPPLIER\']').nth(2),locator('[data-internal-ref] > [axes=\'SUPPLIER\']').nth(3),locator('[data-internal-ref] > [axes=\'SUPPLIER\']').nth(4),locator('[data-internal-ref] > [axes=\'SUPPLIER\']').nth(5),locator('[data-internal-ref] > [axes=\'SUPPLIER\']').nth(6),locator('[data-internal-ref] > [axes=\'SUPPLIER\']').nth(7),locator('[data-internal-ref] > [axes=\'SUPPLIER\']').nth(8),locator('[data-internal-ref] > [axes=\'SUPPLIER\']').nth(9),locator('[data-internal-ref] > [axes=\'SUPPLIER\']').nth(10),locator('[data-internal-ref] > [axes=\'SUPPLIER\']').nth(11),locator('[data-internal-ref] > [axes=\'SUPPLIER\']').nth(12),locator('[data-internal-ref] > [axes=\'SUPPLIER\']').nth(13),locator('[data-internal-ref] > [axes=\'SUPPLIER\']').nth(14)
[2024-12-24T06:06:08.476Z] INFO: Test environment: uat
[2024-12-24T06:06:08.478Z] INFO: Browser: chromium
[2024-12-24T06:06:09.425Z] INFO: Test environment: uat
[2024-12-24T06:06:09.427Z] INFO: Browser: chromium
[2024-12-24T06:06:11.256Z] INFO: Test environment: uat
[2024-12-24T06:06:11.258Z] INFO: Browser: chromium
[2024-12-24T06:06:15.414Z] INFO: Test environment: uat
[2024-12-24T06:06:15.416Z] INFO: Browser: chromium
[2024-12-24T06:06:16.104Z] INFO: Test environment: uat
[2024-12-24T06:06:16.106Z] INFO: Browser: chromium
[2024-12-24T06:06:18.093Z] INFO: Login to the application
[2024-12-24T06:06:20.133Z] INFO: Home Page elements visibility verified on load
[2024-12-24T06:06:23.567Z] INFO: Navigate to screen PRL210
[2024-12-24T06:06:24.130Z] INFO: Total Supplier Count=15
[2024-12-24T06:06:27.326Z] INFO: Iteration 0
[2024-12-24T06:06:31.193Z] INFO: Iteration 1
[2024-12-24T06:06:33.940Z] INFO: Iteration 2
[2024-12-24T06:06:37.657Z] INFO: Iteration 3
[2024-12-24T06:06:41.556Z] INFO: Iteration 4
[2024-12-24T06:06:45.441Z] INFO: Iteration 5
[2024-12-24T06:06:48.266Z] INFO: Iteration 6
[2024-12-24T06:06:51.272Z] INFO: Iteration 7
[2024-12-24T06:06:55.348Z] INFO: Iteration 8
[2024-12-24T06:06:59.209Z] INFO: Iteration 9
[2024-12-24T06:07:03.276Z] INFO: Iteration 10
[2024-12-24T06:07:06.119Z] INFO: Iteration 11
[2024-12-24T06:07:08.989Z] INFO: Iteration 12
[2024-12-24T06:07:12.695Z] INFO: Iteration 13
[2024-12-24T06:07:16.710Z] INFO: Iteration 14
[2024-12-24T06:07:17.223Z] INFO: supplist:
[2024-12-24T06:07:17.227Z] INFO: Content:locator('[data-internal-ref] > [axes=\'SUPPLIER\']').first(),locator('[data-internal-ref] > [axes=\'SUPPLIER\']').nth(1),locator('[data-internal-ref] > [axes=\'SUPPLIER\']').nth(2),locator('[data-internal-ref] > [axes=\'SUPPLIER\']').nth(3),locator('[data-internal-ref] > [axes=\'SUPPLIER\']').nth(4),locator('[data-internal-ref] > [axes=\'SUPPLIER\']').nth(5),locator('[data-internal-ref] > [axes=\'SUPPLIER\']').nth(6),locator('[data-internal-ref] > [axes=\'SUPPLIER\']').nth(7),locator('[data-internal-ref] > [axes=\'SUPPLIER\']').nth(8),locator('[data-internal-ref] > [axes=\'SUPPLIER\']').nth(9),locator('[data-internal-ref] > [axes=\'SUPPLIER\']').nth(10),locator('[data-internal-ref] > [axes=\'SUPPLIER\']').nth(11),locator('[data-internal-ref] > [axes=\'SUPPLIER\']').nth(12),locator('[data-internal-ref] > [axes=\'SUPPLIER\']').nth(13),locator('[data-internal-ref] > [axes=\'SUPPLIER\']').nth(14)
[2024-12-24T06:13:42.737Z] INFO: Test environment: uat
[2024-12-24T06:13:42.740Z] INFO: Browser: chromium
[2024-12-24T06:13:44.155Z] INFO: Test environment: uat
[2024-12-24T06:13:44.158Z] INFO: Browser: chromium
[2024-12-24T06:14:10.520Z] INFO: Test environment: uat
[2024-12-24T06:14:10.522Z] INFO: Browser: chromium
[2024-12-24T06:14:21.418Z] INFO: Test environment: uat
[2024-12-24T06:14:21.421Z] INFO: Browser: chromium
[2024-12-24T06:14:33.089Z] INFO: Test environment: uat
[2024-12-24T06:14:33.091Z] INFO: Browser: chromium
[2024-12-24T06:14:43.833Z] INFO: Test environment: uat
[2024-12-24T06:14:43.835Z] INFO: Browser: chromium
[2024-12-24T06:14:44.623Z] INFO: Test environment: uat
[2024-12-24T06:14:44.625Z] INFO: Browser: chromium
[2024-12-24T06:14:51.664Z] INFO: Test environment: uat
[2024-12-24T06:14:51.666Z] INFO: Browser: chromium
[2024-12-24T06:14:53.160Z] INFO: Test environment: uat
[2024-12-24T06:14:53.162Z] INFO: Browser: chromium
[2024-12-24T06:15:03.655Z] INFO: Test environment: uat
[2024-12-24T06:15:03.658Z] INFO: Browser: chromium
[2024-12-24T06:15:04.367Z] INFO: Test environment: uat
[2024-12-24T06:15:04.369Z] INFO: Browser: chromium
[2024-12-24T06:15:06.712Z] INFO: Login to the application
[2024-12-24T06:15:09.343Z] INFO: Home Page elements visibility verified on load
[2024-12-24T06:15:12.839Z] INFO: Navigate to screen PRL210
[2024-12-24T06:15:14.283Z] INFO: Total Supplier Count=15
[2024-12-24T06:15:19.121Z] INFO: Iteration 0
[2024-12-24T06:15:24.990Z] INFO: Iteration 1
[2024-12-24T06:15:31.011Z] INFO: Iteration 2
[2024-12-24T06:15:38.002Z] INFO: Iteration 3
[2024-12-24T06:15:44.126Z] INFO: Iteration 4
[2024-12-24T06:15:50.056Z] INFO: Iteration 5
[2024-12-24T06:15:56.231Z] INFO: Iteration 6
[2024-12-24T06:16:01.597Z] INFO: Iteration 7
[2024-12-24T06:16:04.641Z] INFO: Iteration 8
[2024-12-24T06:16:09.191Z] INFO: Iteration 9
[2024-12-24T06:16:14.244Z] INFO: Iteration 10
[2024-12-24T06:16:18.909Z] INFO: Iteration 11
[2024-12-24T06:16:23.727Z] INFO: Iteration 12
[2024-12-24T06:16:28.429Z] INFO: Iteration 13
[2024-12-24T06:16:33.128Z] INFO: Iteration 14
[2024-12-24T06:16:33.746Z] INFO: supplist:
[2024-12-24T06:16:33.750Z] INFO: Content:locator('[data-internal-ref] > [axes=\'SUPPLIER\']').first(),locator('[data-internal-ref] > [axes=\'SUPPLIER\']').nth(1),locator('[data-internal-ref] > [axes=\'SUPPLIER\']').nth(2),locator('[data-internal-ref] > [axes=\'SUPPLIER\']').nth(3),locator('[data-internal-ref] > [axes=\'SUPPLIER\']').nth(4),locator('[data-internal-ref] > [axes=\'SUPPLIER\']').nth(5),locator('[data-internal-ref] > [axes=\'SUPPLIER\']').nth(6),locator('[data-internal-ref] > [axes=\'SUPPLIER\']').nth(7),locator('[data-internal-ref] > [axes=\'SUPPLIER\']').nth(8),locator('[data-internal-ref] > [axes=\'SUPPLIER\']').nth(9),locator('[data-internal-ref] > [axes=\'SUPPLIER\']').nth(10),locator('[data-internal-ref] > [axes=\'SUPPLIER\']').nth(11),locator('[data-internal-ref] > [axes=\'SUPPLIER\']').nth(12),locator('[data-internal-ref] > [axes=\'SUPPLIER\']').nth(13),locator('[data-internal-ref] > [axes=\'SUPPLIER\']').nth(14)
[2024-12-24T06:18:35.087Z] INFO: Test environment: uat
[2024-12-24T06:18:35.089Z] INFO: Browser: chromium
[2024-12-24T06:18:40.823Z] INFO: Test environment: uat
[2024-12-24T06:18:40.825Z] INFO: Browser: chromium
[2024-12-24T06:18:41.520Z] INFO: Test environment: uat
[2024-12-24T06:18:41.523Z] INFO: Browser: chromium
[2024-12-24T06:18:43.530Z] INFO: Login to the application
[2024-12-24T06:18:45.823Z] INFO: Home Page elements visibility verified on load
[2024-12-24T06:18:49.089Z] INFO: Navigate to screen PRL210
[2024-12-24T06:18:49.497Z] INFO: Total Supplier Count=15
[2024-12-24T06:18:51.680Z] INFO: Iteration 0
[2024-12-24T06:18:55.748Z] INFO: Iteration 1
[2024-12-24T06:18:59.561Z] INFO: Iteration 2
[2024-12-24T06:19:02.428Z] INFO: Iteration 3
[2024-12-24T06:19:06.443Z] INFO: Iteration 4
[2024-12-24T06:19:09.299Z] INFO: Iteration 5
[2024-12-24T06:19:13.247Z] INFO: Iteration 6
[2024-12-24T06:19:16.240Z] INFO: Iteration 7
[2024-12-24T06:19:19.159Z] INFO: Iteration 8
[2024-12-24T06:19:22.047Z] INFO: Iteration 9
[2024-12-24T06:19:24.996Z] INFO: Iteration 10
[2024-12-24T06:19:28.997Z] INFO: Iteration 11
[2024-12-24T06:19:32.761Z] INFO: Iteration 12
[2024-12-24T06:19:35.683Z] INFO: Iteration 13
[2024-12-24T06:19:38.691Z] INFO: Iteration 14
[2024-12-24T06:19:39.161Z] INFO: supplist:
[2024-12-24T06:19:39.163Z] INFO: Content:locator('[data-internal-ref] > [axes=\'SUPPLIER\']').first(),locator('[data-internal-ref] > [axes=\'SUPPLIER\']').nth(1),locator('[data-internal-ref] > [axes=\'SUPPLIER\']').nth(2),locator('[data-internal-ref] > [axes=\'SUPPLIER\']').nth(3),locator('[data-internal-ref] > [axes=\'SUPPLIER\']').nth(4),locator('[data-internal-ref] > [axes=\'SUPPLIER\']').nth(5),locator('[data-internal-ref] > [axes=\'SUPPLIER\']').nth(6),locator('[data-internal-ref] > [axes=\'SUPPLIER\']').nth(7),locator('[data-internal-ref] > [axes=\'SUPPLIER\']').nth(8),locator('[data-internal-ref] > [axes=\'SUPPLIER\']').nth(9),locator('[data-internal-ref] > [axes=\'SUPPLIER\']').nth(10),locator('[data-internal-ref] > [axes=\'SUPPLIER\']').nth(11),locator('[data-internal-ref] > [axes=\'SUPPLIER\']').nth(12),locator('[data-internal-ref] > [axes=\'SUPPLIER\']').nth(13),locator('[data-internal-ref] > [axes=\'SUPPLIER\']').nth(14)
[2024-12-24T06:21:02.437Z] INFO: Test environment: uat
[2024-12-24T06:21:02.439Z] INFO: Browser: chromium
[2024-12-24T06:21:17.660Z] INFO: Test environment: uat
[2024-12-24T06:21:17.663Z] INFO: Browser: chromium
[2024-12-24T06:21:20.559Z] INFO: Test environment: uat
[2024-12-24T06:21:20.561Z] INFO: Browser: chromium
[2024-12-24T06:21:25.638Z] INFO: Test environment: uat
[2024-12-24T06:21:25.641Z] INFO: Browser: chromium
[2024-12-24T06:21:26.317Z] INFO: Test environment: uat
[2024-12-24T06:21:26.319Z] INFO: Browser: chromium
[2024-12-24T06:21:28.380Z] INFO: Login to the application
[2024-12-24T06:21:30.402Z] INFO: Home Page elements visibility verified on load
[2024-12-24T06:21:33.676Z] INFO: Navigate to screen PRL210
[2024-12-24T06:21:34.287Z] INFO: Total Supplier Count=15
[2024-12-24T06:21:37.547Z] INFO: Iteration 0
[2024-12-24T06:21:40.402Z] INFO: Iteration 1
[2024-12-24T06:21:44.295Z] INFO: Iteration 2
[2024-12-24T06:21:49.261Z] INFO: Iteration 3
[2024-12-24T06:21:53.312Z] INFO: Iteration 4
[2024-12-24T06:21:57.411Z] INFO: Iteration 5
[2024-12-24T06:22:01.202Z] INFO: Iteration 6
[2024-12-24T06:22:04.136Z] INFO: Iteration 7
[2024-12-24T06:22:07.131Z] INFO: Iteration 8
[2024-12-24T06:22:11.228Z] INFO: Iteration 9
[2024-12-24T06:22:14.063Z] INFO: Iteration 10
[2024-12-24T06:22:18.065Z] INFO: Iteration 11
[2024-12-24T06:22:21.861Z] INFO: Iteration 12
[2024-12-24T06:22:24.632Z] INFO: Iteration 13
[2024-12-24T06:22:27.606Z] INFO: Iteration 14
[2024-12-24T06:22:28.067Z] INFO: supplist:
[2024-12-24T06:22:28.070Z] INFO: Content:locator('[data-internal-ref] > [axes=\'SUPPLIER\']').first(),locator('[data-internal-ref] > [axes=\'SUPPLIER\']').nth(1),locator('[data-internal-ref] > [axes=\'SUPPLIER\']').nth(2),locator('[data-internal-ref] > [axes=\'SUPPLIER\']').nth(3),locator('[data-internal-ref] > [axes=\'SUPPLIER\']').nth(4),locator('[data-internal-ref] > [axes=\'SUPPLIER\']').nth(5),locator('[data-internal-ref] > [axes=\'SUPPLIER\']').nth(6),locator('[data-internal-ref] > [axes=\'SUPPLIER\']').nth(7),locator('[data-internal-ref] > [axes=\'SUPPLIER\']').nth(8),locator('[data-internal-ref] > [axes=\'SUPPLIER\']').nth(9),locator('[data-internal-ref] > [axes=\'SUPPLIER\']').nth(10),locator('[data-internal-ref] > [axes=\'SUPPLIER\']').nth(11),locator('[data-internal-ref] > [axes=\'SUPPLIER\']').nth(12),locator('[data-internal-ref] > [axes=\'SUPPLIER\']').nth(13),locator('[data-internal-ref] > [axes=\'SUPPLIER\']').nth(14)
[2024-12-24T06:24:38.892Z] INFO: Test environment: uat
[2024-12-24T06:24:38.894Z] INFO: Browser: chromium
[2024-12-24T06:24:41.451Z] INFO: Test environment: uat
[2024-12-24T06:24:41.453Z] INFO: Browser: chromium
[2024-12-24T06:24:43.953Z] INFO: Test environment: uat
[2024-12-24T06:24:43.955Z] INFO: Browser: chromium
[2024-12-24T06:24:45.413Z] INFO: Test environment: uat
[2024-12-24T06:24:45.415Z] INFO: Browser: chromium
[2024-12-24T06:24:47.100Z] INFO: Test environment: uat
[2024-12-24T06:24:47.102Z] INFO: Browser: chromium
[2024-12-24T06:24:53.846Z] INFO: Test environment: uat
[2024-12-24T06:24:53.849Z] INFO: Browser: chromium
[2024-12-24T06:24:58.661Z] INFO: Test environment: uat
[2024-12-24T06:24:58.663Z] INFO: Browser: chromium
[2024-12-24T06:25:00.914Z] INFO: Test environment: uat
[2024-12-24T06:25:00.917Z] INFO: Browser: chromium
[2024-12-24T06:25:02.485Z] INFO: Test environment: uat
[2024-12-24T06:25:02.487Z] INFO: Browser: chromium
[2024-12-24T06:25:04.944Z] INFO: Test environment: uat
[2024-12-24T06:25:04.946Z] INFO: Browser: chromium
[2024-12-24T06:25:05.985Z] INFO: Test environment: uat
[2024-12-24T06:25:05.987Z] INFO: Browser: chromium
[2024-12-24T06:25:13.463Z] INFO: Test environment: uat
[2024-12-24T06:25:13.465Z] INFO: Browser: chromium
[2024-12-24T06:25:15.975Z] INFO: Test environment: uat
[2024-12-24T06:25:15.978Z] INFO: Browser: chromium
[2024-12-24T06:25:18.599Z] INFO: Test environment: uat
[2024-12-24T06:25:18.601Z] INFO: Browser: chromium
[2024-12-24T06:25:30.886Z] INFO: Test environment: uat
[2024-12-24T06:25:30.888Z] INFO: Browser: chromium
[2024-12-24T06:25:31.636Z] INFO: Test environment: uat
[2024-12-24T06:25:31.638Z] INFO: Browser: chromium
[2024-12-24T06:25:48.914Z] INFO: Test environment: uat
[2024-12-24T06:25:48.917Z] INFO: Browser: chromium
[2024-12-24T06:25:49.605Z] INFO: Test environment: uat
[2024-12-24T06:25:49.607Z] INFO: Browser: chromium
[2024-12-24T06:25:51.631Z] INFO: Login to the application
[2024-12-24T06:25:53.785Z] INFO: Home Page elements visibility verified on load
[2024-12-24T06:25:57.153Z] INFO: Navigate to screen PRL210
[2024-12-24T06:25:58.202Z] INFO: Total Supplier Count=15
[2024-12-24T06:26:00.283Z] INFO: Payment Methods 0 : 
[2024-12-24T06:26:00.284Z] INFO: Iteration 0
[2024-12-24T06:26:04.451Z] INFO: Payment Methods 1 : 
[2024-12-24T06:26:04.451Z] INFO: Iteration 1
[2024-12-24T06:26:07.409Z] INFO: Payment Methods 2 : 
[2024-12-24T06:26:07.410Z] INFO: Iteration 2
[2024-12-24T06:26:10.280Z] INFO: Payment Methods 3 : 
[2024-12-24T06:26:10.280Z] INFO: Iteration 3
[2024-12-24T06:26:14.135Z] INFO: Payment Methods 4 : 
[2024-12-24T06:26:14.135Z] INFO: Iteration 4
[2024-12-24T06:26:16.962Z] INFO: Payment Methods 5 : 
[2024-12-24T06:26:16.963Z] INFO: Iteration 5
[2024-12-24T06:26:20.784Z] INFO: Payment Methods 6 : 
[2024-12-24T06:26:20.784Z] INFO: Iteration 6
[2024-12-24T06:26:24.588Z] INFO: Payment Methods 7 : 
[2024-12-24T06:26:24.588Z] INFO: Iteration 7
[2024-12-24T06:26:28.805Z] INFO: Payment Methods 8 : 
[2024-12-24T06:26:28.805Z] INFO: Iteration 8
[2024-12-24T06:26:31.917Z] INFO: Payment Methods 9 : 
[2024-12-24T06:26:31.917Z] INFO: Iteration 9
[2024-12-24T06:26:36.310Z] INFO: Payment Methods 10 : 
[2024-12-24T06:26:36.310Z] INFO: Iteration 10
[2024-12-24T06:26:41.048Z] INFO: Payment Methods 11 : 
[2024-12-24T06:26:41.049Z] INFO: Iteration 11
[2024-12-24T06:27:35.312Z] INFO: Test environment: uat
[2024-12-24T06:27:35.314Z] INFO: Browser: chromium
[2024-12-24T06:27:36.198Z] INFO: Test environment: uat
[2024-12-24T06:27:36.200Z] INFO: Browser: chromium
[2024-12-24T06:27:38.569Z] INFO: Login to the application
[2024-12-24T06:27:40.679Z] INFO: Home Page elements visibility verified on load
[2024-12-24T06:27:44.133Z] INFO: Navigate to screen PRL210
[2024-12-24T06:27:45.407Z] INFO: Total Supplier Count=15
[2024-12-24T06:27:48.386Z] INFO: Payment Methods 0 : 
[2024-12-24T06:27:48.386Z] INFO: Iteration 0
[2024-12-24T06:27:54.328Z] INFO: Payment Methods 1 : 
[2024-12-24T06:27:54.328Z] INFO: Iteration 1
[2024-12-24T06:28:00.321Z] INFO: Payment Methods 2 : 
[2024-12-24T06:28:00.322Z] INFO: Iteration 2
[2024-12-24T06:28:06.240Z] INFO: Payment Methods 3 : 
[2024-12-24T06:28:06.240Z] INFO: Iteration 3
[2024-12-24T06:28:12.195Z] INFO: Payment Methods 4 : 
[2024-12-24T06:28:12.195Z] INFO: Iteration 4
[2024-12-24T06:28:18.326Z] INFO: Payment Methods 5 : 
[2024-12-24T06:28:18.326Z] INFO: Iteration 5
[2024-12-24T06:28:24.461Z] INFO: Payment Methods 6 : 
[2024-12-24T06:28:24.461Z] INFO: Iteration 6
[2024-12-24T06:28:28.013Z] INFO: Test environment: uat
[2024-12-24T06:28:28.016Z] INFO: Browser: chromium
[2024-12-24T06:28:29.032Z] INFO: Test environment: uat
[2024-12-24T06:28:29.035Z] INFO: Browser: chromium
[2024-12-24T06:28:32.835Z] INFO: Test environment: uat
[2024-12-24T06:28:32.837Z] INFO: Browser: chromium
[2024-12-24T06:28:34.040Z] INFO: Test environment: uat
[2024-12-24T06:28:34.043Z] INFO: Browser: chromium
[2024-12-24T06:28:34.772Z] INFO: Test environment: uat
[2024-12-24T06:28:34.774Z] INFO: Browser: chromium
[2024-12-24T06:29:28.579Z] INFO: Test environment: uat
[2024-12-24T06:29:28.581Z] INFO: Browser: chromium
[2024-12-24T06:29:32.138Z] INFO: Test environment: uat
[2024-12-24T06:29:32.141Z] INFO: Browser: chromium
[2024-12-24T06:29:33.812Z] INFO: Test environment: uat
[2024-12-24T06:29:33.814Z] INFO: Browser: chromium
[2024-12-24T06:29:34.927Z] INFO: Test environment: uat
[2024-12-24T06:29:34.929Z] INFO: Browser: chromium
[2024-12-24T06:29:36.572Z] INFO: Test environment: uat
[2024-12-24T06:29:36.574Z] INFO: Browser: chromium
[2024-12-24T06:29:37.514Z] INFO: Test environment: uat
[2024-12-24T06:29:37.517Z] INFO: Browser: chromium
[2024-12-24T06:29:45.613Z] INFO: Test environment: uat
[2024-12-24T06:29:45.615Z] INFO: Browser: chromium
[2024-12-24T06:29:48.657Z] INFO: Test environment: uat
[2024-12-24T06:29:48.659Z] INFO: Browser: chromium
[2024-12-24T06:29:54.224Z] INFO: Test environment: uat
[2024-12-24T06:29:54.226Z] INFO: Browser: chromium
[2024-12-24T06:29:56.062Z] INFO: Test environment: uat
[2024-12-24T06:29:56.064Z] INFO: Browser: chromium
[2024-12-24T06:29:57.627Z] INFO: Test environment: uat
[2024-12-24T06:29:57.630Z] INFO: Browser: chromium
[2024-12-24T06:29:59.999Z] INFO: Test environment: uat
[2024-12-24T06:30:00.002Z] INFO: Browser: chromium
[2024-12-24T06:30:02.313Z] INFO: Test environment: uat
[2024-12-24T06:30:02.316Z] INFO: Browser: chromium
[2024-12-24T06:30:04.537Z] INFO: Test environment: uat
[2024-12-24T06:30:04.540Z] INFO: Browser: chromium
[2024-12-24T06:30:08.076Z] INFO: Test environment: uat
[2024-12-24T06:30:08.079Z] INFO: Browser: chromium
[2024-12-24T06:30:09.204Z] INFO: Test environment: uat
[2024-12-24T06:30:09.206Z] INFO: Browser: chromium
[2024-12-24T06:30:15.029Z] INFO: Test environment: uat
[2024-12-24T06:30:15.032Z] INFO: Browser: chromium
[2024-12-24T06:30:22.955Z] INFO: Test environment: uat
[2024-12-24T06:30:22.957Z] INFO: Browser: chromium
[2024-12-24T06:30:24.680Z] INFO: Test environment: uat
[2024-12-24T06:30:24.682Z] INFO: Browser: chromium
[2024-12-24T06:30:33.124Z] INFO: Test environment: uat
[2024-12-24T06:30:33.126Z] INFO: Browser: chromium
[2024-12-24T06:30:41.376Z] INFO: Test environment: uat
[2024-12-24T06:30:41.379Z] INFO: Browser: chromium
[2024-12-24T06:30:42.727Z] INFO: Test environment: uat
[2024-12-24T06:30:42.729Z] INFO: Browser: chromium
[2024-12-24T06:30:44.353Z] INFO: Test environment: uat
[2024-12-24T06:30:44.355Z] INFO: Browser: chromium
[2024-12-24T06:30:52.696Z] INFO: Test environment: uat
[2024-12-24T06:30:52.698Z] INFO: Browser: chromium
[2024-12-24T06:30:53.448Z] INFO: Test environment: uat
[2024-12-24T06:30:53.450Z] INFO: Browser: chromium
[2024-12-24T06:31:05.502Z] INFO: Test environment: uat
[2024-12-24T06:31:05.505Z] INFO: Browser: chromium
[2024-12-24T06:31:06.538Z] INFO: Test environment: uat
[2024-12-24T06:31:06.540Z] INFO: Browser: chromium
[2024-12-24T06:31:10.584Z] INFO: Test environment: uat
[2024-12-24T06:31:10.586Z] INFO: Browser: chromium
[2024-12-24T06:31:16.755Z] INFO: Test environment: uat
[2024-12-24T06:31:16.757Z] INFO: Browser: chromium
[2024-12-24T06:31:17.493Z] INFO: Test environment: uat
[2024-12-24T06:31:17.495Z] INFO: Browser: chromium
[2024-12-24T06:31:25.605Z] INFO: Test environment: uat
[2024-12-24T06:31:25.608Z] INFO: Browser: chromium
[2024-12-24T06:31:26.317Z] INFO: Test environment: uat
[2024-12-24T06:31:26.319Z] INFO: Browser: chromium
[2024-12-24T06:31:28.641Z] INFO: Login to the application
[2024-12-24T06:31:31.084Z] INFO: Home Page elements visibility verified on load
[2024-12-24T06:31:36.484Z] INFO: Navigate to screen PRL210
[2024-12-24T06:31:37.617Z] INFO: Total Supplier Count=15
[2024-12-24T06:31:46.310Z] INFO: Payment Methods 0 : 
[2024-12-24T06:31:46.311Z] INFO: Iteration 0
[2024-12-24T06:31:54.051Z] INFO: Payment Methods 1 : 
[2024-12-24T06:31:54.053Z] INFO: Iteration 1
[2024-12-24T06:31:58.530Z] INFO: Payment Methods 2 : 
[2024-12-24T06:31:58.531Z] INFO: Iteration 2
[2024-12-24T06:32:01.807Z] INFO: Payment Methods 3 : 
[2024-12-24T06:32:01.808Z] INFO: Iteration 3
[2024-12-24T06:32:06.643Z] INFO: Payment Methods 4 : 
[2024-12-24T06:32:06.645Z] INFO: Iteration 4
[2024-12-24T06:32:11.455Z] INFO: Payment Methods 5 : 
[2024-12-24T06:32:11.457Z] INFO: Iteration 5
[2024-12-24T06:32:15.907Z] INFO: Payment Methods 6 : 
[2024-12-24T06:32:15.908Z] INFO: Iteration 6
[2024-12-24T06:32:19.402Z] INFO: Payment Methods 7 : 
[2024-12-24T06:32:19.403Z] INFO: Iteration 7
[2024-12-24T06:32:23.977Z] INFO: Payment Methods 8 : 
[2024-12-24T06:32:23.977Z] INFO: Iteration 8
[2024-12-24T06:33:12.318Z] INFO: Test environment: uat
[2024-12-24T06:33:12.320Z] INFO: Browser: chromium
[2024-12-24T06:33:13.857Z] INFO: Test environment: uat
[2024-12-24T06:33:13.860Z] INFO: Browser: chromium
[2024-12-24T06:33:14.596Z] INFO: Test environment: uat
[2024-12-24T06:33:14.598Z] INFO: Browser: chromium
[2024-12-24T06:33:16.860Z] INFO: Login to the application
[2024-12-24T06:33:18.600Z] INFO: Home Page elements visibility verified on load
[2024-12-24T06:33:21.703Z] INFO: Navigate to screen PRL210
[2024-12-24T06:33:22.930Z] INFO: Total Supplier Count=15
[2024-12-24T06:33:26.871Z] INFO: Payment Methods 0 : BACS  
[2024-12-24T06:33:26.873Z] INFO: Key-value- BACS:
[2024-12-24T06:33:26.873Z] INFO: Iteration 0
[2024-12-24T06:33:31.464Z] INFO: Payment Methods 1 : CHQ   
[2024-12-24T06:33:31.466Z] INFO: Iteration 1
[2024-12-24T06:33:36.093Z] INFO: Payment Methods 2 : BACS  
[2024-12-24T06:33:36.094Z] INFO: Key-value- BACS:,
[2024-12-24T06:33:36.095Z] INFO: Iteration 2
[2024-12-24T06:34:06.723Z] INFO: Test environment: uat
[2024-12-24T06:34:06.725Z] INFO: Browser: chromium
[2024-12-24T06:34:34.097Z] INFO: Test environment: uat
[2024-12-24T06:34:34.099Z] INFO: Browser: chromium
[2024-12-24T06:34:35.713Z] INFO: Test environment: uat
[2024-12-24T06:34:35.715Z] INFO: Browser: chromium
[2024-12-24T06:34:48.804Z] INFO: Test environment: uat
[2024-12-24T06:34:48.806Z] INFO: Browser: chromium
[2024-12-24T06:34:54.667Z] INFO: Test environment: uat
[2024-12-24T06:34:54.669Z] INFO: Browser: chromium
[2024-12-24T06:34:56.527Z] INFO: Test environment: uat
[2024-12-24T06:34:56.530Z] INFO: Browser: chromium
[2024-12-24T06:34:59.074Z] INFO: Test environment: uat
[2024-12-24T06:34:59.076Z] INFO: Browser: chromium
[2024-12-24T06:35:02.878Z] INFO: Test environment: uat
[2024-12-24T06:35:02.880Z] INFO: Browser: chromium
[2024-12-24T06:35:05.104Z] INFO: Test environment: uat
[2024-12-24T06:35:05.106Z] INFO: Browser: chromium
[2024-12-24T06:35:07.144Z] INFO: Test environment: uat
[2024-12-24T06:35:07.146Z] INFO: Browser: chromium
[2024-12-24T06:35:09.548Z] INFO: Test environment: uat
[2024-12-24T06:35:09.550Z] INFO: Browser: chromium
[2024-12-24T06:35:12.026Z] INFO: Test environment: uat
[2024-12-24T06:35:12.028Z] INFO: Browser: chromium
[2024-12-24T06:35:13.978Z] INFO: Test environment: uat
[2024-12-24T06:35:13.980Z] INFO: Browser: chromium
[2024-12-24T06:35:14.695Z] INFO: Test environment: uat
[2024-12-24T06:35:14.697Z] INFO: Browser: chromium
[2024-12-24T06:35:17.178Z] INFO: Login to the application
[2024-12-24T06:35:19.520Z] INFO: Home Page elements visibility verified on load
[2024-12-24T06:35:23.272Z] INFO: Navigate to screen PRL210
[2024-12-24T06:35:24.691Z] INFO: Total Supplier Count=15
[2024-12-24T06:35:29.527Z] INFO: Supplier Name: 
[2024-12-24T06:35:29.991Z] INFO: Payment Methods 0 : BACS  
[2024-12-24T06:35:29.991Z] INFO: Key-value- BACS:
[2024-12-24T06:35:29.992Z] INFO: Iteration 0
[2024-12-24T06:35:35.749Z] INFO: Supplier Name: 
[2024-12-24T06:35:36.054Z] INFO: Payment Methods 1 : CHQ   
[2024-12-24T06:35:36.054Z] INFO: Iteration 1
[2024-12-24T06:35:43.865Z] INFO: Supplier Name: 
[2024-12-24T06:35:44.213Z] INFO: Payment Methods 2 : BACS  
[2024-12-24T06:35:44.214Z] INFO: Key-value- BACS:,
[2024-12-24T06:35:44.214Z] INFO: Iteration 2
[2024-12-24T06:35:52.477Z] INFO: Test environment: uat
[2024-12-24T06:35:52.479Z] INFO: Browser: chromium
[2024-12-24T06:36:04.212Z] INFO: Test environment: uat
[2024-12-24T06:36:04.215Z] INFO: Browser: chromium
[2024-12-24T06:36:05.118Z] INFO: Test environment: uat
[2024-12-24T06:36:05.120Z] INFO: Browser: chromium
[2024-12-24T06:36:07.380Z] INFO: Login to the application
[2024-12-24T06:36:10.184Z] INFO: Home Page elements visibility verified on load
[2024-12-24T06:36:13.219Z] INFO: Navigate to screen PRL210
[2024-12-24T06:36:14.429Z] INFO: Total Supplier Count=15
[2024-12-24T06:36:18.999Z] INFO: Supplier Name: YPO
[2024-12-24T06:36:19.325Z] INFO: Payment Methods 0 : BACS  
[2024-12-24T06:36:19.326Z] INFO: Key-value- BACS:YPO
[2024-12-24T06:36:19.326Z] INFO: Iteration 0
[2024-12-24T06:36:24.937Z] INFO: Supplier Name: Sportscene
[2024-12-24T06:36:25.252Z] INFO: Payment Methods 1 : CHQ   
[2024-12-24T06:36:25.252Z] INFO: Iteration 1
[2024-12-24T06:36:30.922Z] INFO: Supplier Name: Digicom Computers
[2024-12-24T06:36:31.228Z] INFO: Payment Methods 2 : BACS  
[2024-12-24T06:36:31.228Z] INFO: Key-value- BACS:YPO,Digicom Computers
[2024-12-24T06:36:31.228Z] INFO: Iteration 2
[2024-12-24T06:36:48.048Z] INFO: Test environment: uat
[2024-12-24T06:36:48.050Z] INFO: Browser: chromium
[2024-12-24T06:36:49.428Z] INFO: Test environment: uat
[2024-12-24T06:36:49.430Z] INFO: Browser: chromium
[2024-12-24T06:36:51.832Z] INFO: Test environment: uat
[2024-12-24T06:36:51.834Z] INFO: Browser: chromium
[2024-12-24T06:36:52.545Z] INFO: Test environment: uat
[2024-12-24T06:36:52.547Z] INFO: Browser: chromium
[2024-12-24T06:36:55.019Z] INFO: Login to the application
[2024-12-24T06:36:57.783Z] INFO: Home Page elements visibility verified on load
[2024-12-24T06:37:00.963Z] INFO: Navigate to screen PRL210
[2024-12-24T06:37:02.306Z] INFO: Total Supplier Count=15
[2024-12-24T06:37:06.746Z] INFO: Supplier Name: YPO
[2024-12-24T06:37:07.072Z] INFO: Payment Methods 0 : BACS  
[2024-12-24T06:37:07.072Z] INFO: Key-value- BACS:YPO
[2024-12-24T06:37:07.073Z] INFO: Iteration 0
[2024-12-24T06:37:13.220Z] INFO: Supplier Name: Sportscene
[2024-12-24T06:37:13.511Z] INFO: Payment Methods 1 : CHQ   
[2024-12-24T06:37:13.511Z] INFO: Iteration 1
[2024-12-24T06:37:19.466Z] INFO: Supplier Name: Digicom Computers
[2024-12-24T06:37:19.791Z] INFO: Payment Methods 2 : BACS  
[2024-12-24T06:37:19.791Z] INFO: Key-value- BACS:YPO,Digicom Computers
[2024-12-24T06:37:19.791Z] INFO: Iteration 2
[2024-12-24T06:37:25.641Z] INFO: Supplier Name: 3663
[2024-12-24T06:37:25.943Z] INFO: Payment Methods 3 : CHQ   
[2024-12-24T06:37:25.943Z] INFO: Iteration 3
[2024-12-24T06:37:31.719Z] INFO: Supplier Name: Eastern Water Authority
[2024-12-24T06:37:32.035Z] INFO: Payment Methods 4 : CHQ   
[2024-12-24T06:37:32.035Z] INFO: Iteration 4
[2024-12-24T06:37:38.020Z] INFO: Supplier Name: The Consortium
[2024-12-24T06:37:38.797Z] INFO: Payment Methods 5 : BACS  
[2024-12-24T06:37:38.797Z] INFO: Key-value- BACS:YPO,Digicom Computers,The Consortium
[2024-12-24T06:37:38.797Z] INFO: Iteration 5
[2024-12-24T06:37:45.142Z] INFO: Supplier Name: Global Construction Ltd
[2024-12-24T06:37:45.485Z] INFO: Payment Methods 6 : BACS  
[2024-12-24T06:37:45.485Z] INFO: Key-value- BACS:YPO,Digicom Computers,The Consortium,Global Construction Ltd
[2024-12-24T06:37:45.485Z] INFO: Iteration 6
[2024-12-24T06:37:51.306Z] INFO: Supplier Name: British Telecom
[2024-12-24T06:37:51.611Z] INFO: Payment Methods 7 : BACS  
[2024-12-24T06:37:51.611Z] INFO: Key-value- BACS:YPO,Digicom Computers,The Consortium,Global Construction Ltd,British Telecom
[2024-12-24T06:37:51.611Z] INFO: Iteration 7
[2024-12-24T06:37:56.985Z] INFO: Supplier Name: OVO Energy
[2024-12-24T06:37:57.294Z] INFO: Payment Methods 8 : BACS  
[2024-12-24T06:37:57.294Z] INFO: Key-value- BACS:YPO,Digicom Computers,The Consortium,Global Construction Ltd,British Telecom,OVO Energy
[2024-12-24T06:37:57.294Z] INFO: Iteration 8
[2024-12-24T06:38:03.077Z] INFO: Supplier Name: Promethean Limited
[2024-12-24T06:38:03.432Z] INFO: Payment Methods 9 : CHQ   
[2024-12-24T06:38:03.432Z] INFO: Iteration 9
[2024-12-24T06:38:09.557Z] INFO: Supplier Name: Jones & Co - Solicitors
[2024-12-24T06:38:09.873Z] INFO: Payment Methods 10 : CHQ   
[2024-12-24T06:38:09.873Z] INFO: Iteration 10
[2024-12-24T06:38:15.771Z] INFO: Supplier Name: ESPO
[2024-12-24T06:38:16.111Z] INFO: Payment Methods 11 : BACS  
[2024-12-24T06:38:16.111Z] INFO: Key-value- BACS:YPO,Digicom Computers,The Consortium,Global Construction Ltd,British Telecom,OVO Energy,ESPO
[2024-12-24T06:38:16.111Z] INFO: Iteration 11
[2024-12-24T06:38:22.292Z] INFO: Supplier Name: Southern Examination Board
[2024-12-24T06:38:22.616Z] INFO: Payment Methods 12 : CHQ   
[2024-12-24T06:38:22.616Z] INFO: Iteration 12
[2024-12-24T06:38:29.362Z] INFO: Supplier Name: GLS
[2024-12-24T06:38:29.647Z] INFO: Payment Methods 13 : BACS  
[2024-12-24T06:38:29.647Z] INFO: Key-value- BACS:YPO,Digicom Computers,The Consortium,Global Construction Ltd,British Telecom,OVO Energy,ESPO,GLS
[2024-12-24T06:38:29.647Z] INFO: Iteration 13
[2024-12-24T06:38:36.433Z] INFO: Supplier Name: ABC Personnel Services
[2024-12-24T06:38:36.717Z] INFO: Payment Methods 14 : CHQ   
[2024-12-24T06:38:36.717Z] INFO: Iteration 14
[2024-12-24T06:38:37.227Z] INFO: supplist:YPO,Digicom Computers,The Consortium,Global Construction Ltd,British Telecom,OVO Energy,ESPO,GLS
[2024-12-24T06:38:37.227Z] INFO: Supplier: YPO
[2024-12-24T06:38:37.227Z] INFO: Supplier: Digicom Computers
[2024-12-24T06:38:37.227Z] INFO: Supplier: The Consortium
[2024-12-24T06:38:37.228Z] INFO: Supplier: Global Construction Ltd
[2024-12-24T06:38:37.228Z] INFO: Supplier: British Telecom
[2024-12-24T06:38:37.228Z] INFO: Supplier: OVO Energy
[2024-12-24T06:38:37.228Z] INFO: Supplier: ESPO
[2024-12-24T06:38:37.228Z] INFO: Supplier: GLS
[2024-12-24T06:38:37.231Z] INFO: Content:locator('[data-internal-ref] > [axes=\'SUPPLIER\']').first(),locator('[data-internal-ref] > [axes=\'SUPPLIER\']').nth(1),locator('[data-internal-ref] > [axes=\'SUPPLIER\']').nth(2),locator('[data-internal-ref] > [axes=\'SUPPLIER\']').nth(3),locator('[data-internal-ref] > [axes=\'SUPPLIER\']').nth(4),locator('[data-internal-ref] > [axes=\'SUPPLIER\']').nth(5),locator('[data-internal-ref] > [axes=\'SUPPLIER\']').nth(6),locator('[data-internal-ref] > [axes=\'SUPPLIER\']').nth(7),locator('[data-internal-ref] > [axes=\'SUPPLIER\']').nth(8),locator('[data-internal-ref] > [axes=\'SUPPLIER\']').nth(9),locator('[data-internal-ref] > [axes=\'SUPPLIER\']').nth(10),locator('[data-internal-ref] > [axes=\'SUPPLIER\']').nth(11),locator('[data-internal-ref] > [axes=\'SUPPLIER\']').nth(12),locator('[data-internal-ref] > [axes=\'SUPPLIER\']').nth(13),locator('[data-internal-ref] > [axes=\'SUPPLIER\']').nth(14)
[2024-12-24T06:41:11.574Z] INFO: Test environment: uat
[2024-12-24T06:41:11.576Z] INFO: Browser: chromium
[2024-12-24T06:41:12.955Z] INFO: Test environment: uat
[2024-12-24T06:41:12.957Z] INFO: Browser: chromium
[2024-12-24T06:41:13.886Z] INFO: Test environment: uat
[2024-12-24T06:41:13.889Z] INFO: Browser: chromium
[2024-12-24T06:41:58.049Z] INFO: Test environment: uat
[2024-12-24T06:41:58.051Z] INFO: Browser: chromium
[2024-12-24T06:42:22.196Z] INFO: Test environment: uat
[2024-12-24T06:42:22.198Z] INFO: Browser: chromium
[2024-12-24T06:42:34.799Z] INFO: Test environment: uat
[2024-12-24T06:42:34.801Z] INFO: Browser: chromium
[2024-12-24T06:42:42.067Z] INFO: Test environment: uat
[2024-12-24T06:42:42.069Z] INFO: Browser: chromium
[2024-12-24T06:42:42.749Z] INFO: Test environment: uat
[2024-12-24T06:42:42.751Z] INFO: Browser: chromium
[2024-12-24T06:42:45.044Z] INFO: Login to the application
[2024-12-24T06:42:47.575Z] INFO: Home Page elements visibility verified on load
[2024-12-24T06:42:50.548Z] INFO: Navigate to screen PRL210
[2024-12-24T06:42:51.456Z] INFO: Total Supplier Count=15
[2024-12-24T06:42:55.004Z] INFO: Supplier Name: YPO
[2024-12-24T06:42:55.297Z] INFO: Payment Methods 0 : BACS  
[2024-12-24T06:42:55.298Z] INFO: Key-value- BACS:YPO
[2024-12-24T06:42:55.298Z] INFO: Iteration 0
[2024-12-24T06:42:59.614Z] INFO: Supplier Name: Sportscene
[2024-12-24T06:42:59.889Z] INFO: Payment Methods 1 : CHQ   
[2024-12-24T06:42:59.889Z] INFO: Iteration 1
[2024-12-24T06:43:04.238Z] INFO: Supplier Name: Digicom Computers
[2024-12-24T06:43:04.476Z] INFO: Payment Methods 2 : BACS  
[2024-12-24T06:43:04.476Z] INFO: Key-value- BACS:YPO,Digicom Computers
[2024-12-24T06:43:04.476Z] INFO: Iteration 2
[2024-12-24T06:43:08.247Z] INFO: Supplier Name: 3663
[2024-12-24T06:43:08.504Z] INFO: Payment Methods 3 : CHQ   
[2024-12-24T06:43:08.504Z] INFO: Iteration 3
[2024-12-24T06:43:18.807Z] INFO: Supplier Name: Eastern Water Authority
[2024-12-24T06:43:20.759Z] INFO: Payment Methods 4 : CHQ   
[2024-12-24T06:43:20.759Z] INFO: Iteration 4
[2024-12-24T06:43:31.837Z] INFO: Supplier Name: The Consortium
[2024-12-24T06:43:33.975Z] INFO: Payment Methods 5 : BACS  
[2024-12-24T06:43:33.975Z] INFO: Key-value- BACS:YPO,Digicom Computers,The Consortium
[2024-12-24T06:43:33.975Z] INFO: Iteration 5
[2024-12-24T06:43:44.021Z] INFO: Supplier Name: Global Construction Ltd
[2024-12-24T06:43:45.919Z] INFO: Payment Methods 6 : BACS  
[2024-12-24T06:43:45.919Z] INFO: Key-value- BACS:YPO,Digicom Computers,The Consortium,Global Construction Ltd
[2024-12-24T06:43:45.919Z] INFO: Iteration 6
[2024-12-24T06:43:55.990Z] INFO: Supplier Name: British Telecom
[2024-12-24T06:43:57.995Z] INFO: Payment Methods 7 : BACS  
[2024-12-24T06:43:57.995Z] INFO: Key-value- BACS:YPO,Digicom Computers,The Consortium,Global Construction Ltd,British Telecom
[2024-12-24T06:43:57.995Z] INFO: Iteration 7
[2024-12-24T06:44:08.041Z] INFO: Supplier Name: OVO Energy
[2024-12-24T06:44:10.033Z] INFO: Payment Methods 8 : BACS  
[2024-12-24T06:44:10.033Z] INFO: Key-value- BACS:YPO,Digicom Computers,The Consortium,Global Construction Ltd,British Telecom,OVO Energy
[2024-12-24T06:44:10.033Z] INFO: Iteration 8
[2024-12-24T06:44:20.091Z] INFO: Supplier Name: Promethean Limited
[2024-12-24T06:44:22.208Z] INFO: Payment Methods 9 : CHQ   
[2024-12-24T06:44:22.209Z] INFO: Iteration 9
[2024-12-24T06:44:32.291Z] INFO: Supplier Name: Jones & Co - Solicitors
[2024-12-24T06:44:34.191Z] INFO: Payment Methods 10 : CHQ   
[2024-12-24T06:44:34.191Z] INFO: Iteration 10
[2024-12-24T06:44:43.315Z] INFO: Supplier Name: ESPO
[2024-12-24T06:44:45.241Z] INFO: Payment Methods 11 : BACS  
[2024-12-24T06:44:45.241Z] INFO: Key-value- BACS:YPO,Digicom Computers,The Consortium,Global Construction Ltd,British Telecom,OVO Energy,ESPO
[2024-12-24T06:44:45.241Z] INFO: Iteration 11
[2024-12-24T06:46:45.905Z] INFO: Test environment: uat
[2024-12-24T06:46:45.907Z] INFO: Browser: chromium
[2024-12-24T06:46:49.108Z] INFO: Test environment: uat
[2024-12-24T06:46:49.110Z] INFO: Browser: chromium
[2024-12-24T06:46:55.544Z] INFO: Test environment: uat
[2024-12-24T06:46:55.546Z] INFO: Browser: chromium
[2024-12-24T06:46:58.699Z] INFO: Test environment: uat
[2024-12-24T06:46:58.701Z] INFO: Browser: chromium
[2024-12-24T06:47:02.118Z] INFO: Test environment: uat
[2024-12-24T06:47:02.120Z] INFO: Browser: chromium
[2024-12-24T06:47:04.978Z] INFO: Test environment: uat
[2024-12-24T06:47:04.980Z] INFO: Browser: chromium
[2024-12-24T06:47:05.930Z] INFO: Test environment: uat
[2024-12-24T06:47:05.933Z] INFO: Browser: chromium
[2024-12-24T06:47:20.661Z] INFO: Test environment: uat
[2024-12-24T06:47:20.663Z] INFO: Browser: chromium
[2024-12-24T06:47:22.238Z] INFO: Test environment: uat
[2024-12-24T06:47:22.240Z] INFO: Browser: chromium
[2024-12-24T06:47:23.204Z] INFO: Test environment: uat
[2024-12-24T06:47:23.206Z] INFO: Browser: chromium
[2024-12-24T06:47:24.257Z] INFO: Test environment: uat
[2024-12-24T06:47:24.260Z] INFO: Browser: chromium
[2024-12-24T06:47:24.965Z] INFO: Test environment: uat
[2024-12-24T06:47:24.967Z] INFO: Browser: chromium
[2024-12-24T06:47:27.129Z] INFO: Login to the application
[2024-12-24T06:47:29.504Z] INFO: Home Page elements visibility verified on load
[2024-12-24T06:47:32.390Z] INFO: Navigate to screen PRL210
[2024-12-24T06:47:33.439Z] INFO: Total Supplier Count=15
[2024-12-24T06:47:36.293Z] INFO: Supplier Name: YPO
[2024-12-24T06:47:36.553Z] INFO: Payment Methods 0 : BACS  
[2024-12-24T06:47:36.553Z] INFO: Key-value- BACS:YPO
[2024-12-24T06:47:36.554Z] INFO: Iteration 0
[2024-12-24T06:47:40.070Z] INFO: Supplier Name: Sportscene
[2024-12-24T06:47:40.325Z] INFO: Payment Methods 1 : CHQ   
[2024-12-24T06:47:40.325Z] INFO: Iteration 1
[2024-12-24T06:47:44.012Z] INFO: Supplier Name: Digicom Computers
[2024-12-24T06:47:44.242Z] INFO: Payment Methods 2 : BACS  
[2024-12-24T06:47:44.242Z] INFO: Key-value- BACS:YPO,Digicom Computers
[2024-12-24T06:47:44.242Z] INFO: Iteration 2
[2024-12-24T06:47:46.793Z] INFO: Supplier Name: 3663
[2024-12-24T06:47:47.057Z] INFO: Payment Methods 3 : CHQ
[2024-12-24T06:47:47.057Z] INFO: Iteration 3
[2024-12-24T06:47:50.584Z] INFO: Supplier Name: Eastern Water Authority
[2024-12-24T06:47:50.830Z] INFO: Payment Methods 4 : CHQ   
[2024-12-24T06:47:50.831Z] INFO: Iteration 4
[2024-12-24T06:47:54.494Z] INFO: Supplier Name: The Consortium
[2024-12-24T06:47:54.731Z] INFO: Payment Methods 5 : BACS  
[2024-12-24T06:47:54.731Z] INFO: Key-value- BACS:YPO,Digicom Computers,The Consortium
[2024-12-24T06:47:54.731Z] INFO: Iteration 5
[2024-12-24T06:47:57.257Z] INFO: Supplier Name: Global Construction Ltd
[2024-12-24T06:47:57.528Z] INFO: Payment Methods 6 : BACS
[2024-12-24T06:47:57.529Z] INFO: Key-value- BACS:YPO,Digicom Computers,The Consortium,Global Construction Ltd
[2024-12-24T06:47:57.529Z] INFO: Iteration 6
[2024-12-24T06:48:01.125Z] INFO: Supplier Name: British Telecom
[2024-12-24T06:48:01.412Z] INFO: Payment Methods 7 : BACS  
[2024-12-24T06:48:01.412Z] INFO: Key-value- BACS:YPO,Digicom Computers,The Consortium,Global Construction Ltd,British Telecom
[2024-12-24T06:48:01.412Z] INFO: Iteration 7
[2024-12-24T06:48:05.156Z] INFO: Supplier Name: OVO Energy
[2024-12-24T06:48:05.390Z] INFO: Payment Methods 8 : BACS  
[2024-12-24T06:48:05.390Z] INFO: Key-value- BACS:YPO,Digicom Computers,The Consortium,Global Construction Ltd,British Telecom,OVO Energy
[2024-12-24T06:48:05.390Z] INFO: Iteration 8
[2024-12-24T06:48:07.865Z] INFO: Supplier Name: Promethean Limited
[2024-12-24T06:48:08.135Z] INFO: Payment Methods 9 : CHQ
[2024-12-24T06:48:08.135Z] INFO: Iteration 9
[2024-12-24T06:48:11.667Z] INFO: Supplier Name: Jones & Co - Solicitors
[2024-12-24T06:48:11.912Z] INFO: Payment Methods 10 : CHQ   
[2024-12-24T06:48:11.913Z] INFO: Iteration 10
[2024-12-24T06:48:14.632Z] INFO: Supplier Name: ESPO
[2024-12-24T06:48:14.898Z] INFO: Payment Methods 11 : BACS
[2024-12-24T06:48:14.898Z] INFO: Key-value- BACS:YPO,Digicom Computers,The Consortium,Global Construction Ltd,British Telecom,OVO Energy,ESPO
[2024-12-24T06:48:14.898Z] INFO: Iteration 11
[2024-12-24T06:48:17.408Z] INFO: Supplier Name: Southern Examination Board
[2024-12-24T06:48:17.660Z] INFO: Payment Methods 12 : CHQ
[2024-12-24T06:48:17.660Z] INFO: Iteration 12
[2024-12-24T06:48:19.988Z] INFO: Supplier Name: GLS
[2024-12-24T06:48:20.431Z] INFO: Payment Methods 13 : BACS
[2024-12-24T06:48:20.431Z] INFO: Key-value- BACS:YPO,Digicom Computers,The Consortium,Global Construction Ltd,British Telecom,OVO Energy,ESPO,GLS
[2024-12-24T06:48:20.431Z] INFO: Iteration 13
[2024-12-24T06:48:22.946Z] INFO: Supplier Name: ABC Personnel Services
[2024-12-24T06:48:23.196Z] INFO: Payment Methods 14 : CHQ
[2024-12-24T06:48:23.196Z] INFO: Iteration 14
[2024-12-24T06:48:23.767Z] INFO: supplist:YPO,Digicom Computers,The Consortium,Global Construction Ltd,British Telecom,OVO Energy,ESPO,GLS
[2024-12-24T06:48:23.767Z] INFO: Supplier: YPO
[2024-12-24T06:48:23.767Z] INFO: Supplier: Digicom Computers
[2024-12-24T06:48:23.767Z] INFO: Supplier: The Consortium
[2024-12-24T06:48:23.767Z] INFO: Supplier: Global Construction Ltd
[2024-12-24T06:48:23.767Z] INFO: Supplier: British Telecom
[2024-12-24T06:48:23.767Z] INFO: Supplier: OVO Energy
[2024-12-24T06:48:23.767Z] INFO: Supplier: ESPO
[2024-12-24T06:48:23.767Z] INFO: Supplier: GLS
[2024-12-24T06:49:03.915Z] INFO: Test environment: uat
[2024-12-24T06:49:03.917Z] INFO: Browser: chromium
[2024-12-24T06:49:18.859Z] INFO: Test environment: uat
[2024-12-24T06:49:18.862Z] INFO: Browser: chromium
[2024-12-24T06:49:19.603Z] INFO: Test environment: uat
[2024-12-24T06:49:19.605Z] INFO: Browser: chromium
[2024-12-24T06:52:35.472Z] INFO: Test environment: uat
[2024-12-24T06:52:35.475Z] INFO: Browser: chromium
[2024-12-24T06:52:38.205Z] INFO: Test environment: uat
[2024-12-24T06:52:38.207Z] INFO: Browser: chromium
[2024-12-24T06:52:48.891Z] INFO: Test environment: uat
[2024-12-24T06:52:48.893Z] INFO: Browser: chromium
[2024-12-24T06:53:03.366Z] INFO: Test environment: uat
[2024-12-24T06:53:03.368Z] INFO: Browser: chromium
[2024-12-24T06:53:04.653Z] INFO: Test environment: uat
[2024-12-24T06:53:04.655Z] INFO: Browser: chromium
[2024-12-24T06:53:09.684Z] INFO: Test environment: uat
[2024-12-24T06:53:09.686Z] INFO: Browser: chromium
[2024-12-24T06:53:22.166Z] INFO: Test environment: uat
[2024-12-24T06:53:22.168Z] INFO: Browser: chromium
[2024-12-24T06:53:24.500Z] INFO: Test environment: uat
[2024-12-24T06:53:24.502Z] INFO: Browser: chromium
[2024-12-24T06:53:29.871Z] INFO: Test environment: uat
[2024-12-24T06:53:29.873Z] INFO: Browser: chromium
[2024-12-24T06:53:31.168Z] INFO: Test environment: uat
[2024-12-24T06:53:31.170Z] INFO: Browser: chromium
[2024-12-24T06:53:33.826Z] INFO: Test environment: uat
[2024-12-24T06:53:33.828Z] INFO: Browser: chromium
[2024-12-24T06:53:53.595Z] INFO: Test environment: uat
[2024-12-24T06:53:53.597Z] INFO: Browser: chromium
[2024-12-24T06:53:54.290Z] INFO: Test environment: uat
[2024-12-24T06:53:54.292Z] INFO: Browser: chromium
[2024-12-24T06:53:56.239Z] INFO: Login to the application
[2024-12-24T06:53:58.195Z] INFO: Home Page elements visibility verified on load
[2024-12-24T06:54:01.517Z] INFO: Navigate to screen PRL210
[2024-12-24T06:54:02.180Z] INFO: Total Supplier Count=15
[2024-12-24T06:54:05.353Z] INFO: Supplier Name: YPO
[2024-12-24T06:54:05.580Z] INFO: Payment Methods 0 : BACS  
[2024-12-24T06:54:05.580Z] INFO: Key-value- BACS:YPO
[2024-12-24T06:54:05.580Z] INFO: Iteration 0
[2024-12-24T06:54:09.062Z] INFO: Supplier Name: Sportscene
[2024-12-24T06:54:09.299Z] INFO: Payment Methods 1 : CHQ   
[2024-12-24T06:54:09.300Z] INFO: Iteration 1
[2024-12-24T06:54:12.934Z] INFO: Supplier Name: Digicom Computers
[2024-12-24T06:54:13.188Z] INFO: Payment Methods 2 : BACS  
[2024-12-24T06:54:13.188Z] INFO: Key-value- BACS:YPO,Digicom Computers
[2024-12-24T06:54:13.188Z] INFO: Iteration 2
[2024-12-24T06:54:15.741Z] INFO: Supplier Name: 3663
[2024-12-24T06:54:16.185Z] INFO: Payment Methods 3 : CHQ
[2024-12-24T06:54:16.185Z] INFO: Iteration 3
[2024-12-24T06:54:19.724Z] INFO: Supplier Name: Eastern Water Authority
[2024-12-24T06:54:21.909Z] INFO: Payment Methods 4 : CHQ   
[2024-12-24T06:54:21.909Z] INFO: Iteration 4
[2024-12-24T06:54:30.939Z] INFO: Supplier Name: The Consortium
[2024-12-24T06:54:32.940Z] INFO: Payment Methods 5 : BACS  
[2024-12-24T06:54:32.940Z] INFO: Key-value- BACS:YPO,Digicom Computers,The Consortium
[2024-12-24T06:54:32.940Z] INFO: Iteration 5
[2024-12-24T06:54:43.983Z] INFO: Supplier Name: Global Construction Ltd
[2024-12-24T06:54:46.113Z] INFO: Payment Methods 6 : BACS  
[2024-12-24T06:54:46.113Z] INFO: Key-value- BACS:YPO,Digicom Computers,The Consortium,Global Construction Ltd
[2024-12-24T06:54:46.113Z] INFO: Iteration 6
[2024-12-24T06:54:55.414Z] INFO: Supplier Name: British Telecom
[2024-12-24T06:54:57.089Z] INFO: Payment Methods 7 : BACS  
[2024-12-24T06:54:57.089Z] INFO: Key-value- BACS:YPO,Digicom Computers,The Consortium,Global Construction Ltd,British Telecom
[2024-12-24T06:54:57.089Z] INFO: Iteration 7
[2024-12-24T06:55:05.170Z] INFO: Supplier Name: OVO Energy
[2024-12-24T06:55:07.251Z] INFO: Payment Methods 8 : BACS  
[2024-12-24T06:55:07.251Z] INFO: Key-value- BACS:YPO,Digicom Computers,The Consortium,Global Construction Ltd,British Telecom,OVO Energy
[2024-12-24T06:55:07.251Z] INFO: Iteration 8
[2024-12-24T06:55:16.300Z] INFO: Supplier Name: Promethean Limited
[2024-12-24T06:55:18.217Z] INFO: Payment Methods 9 : CHQ   
[2024-12-24T06:55:18.217Z] INFO: Iteration 9
[2024-12-24T06:55:27.345Z] INFO: Supplier Name: Jones & Co - Solicitors
[2024-12-24T06:55:29.371Z] INFO: Payment Methods 10 : CHQ   
[2024-12-24T06:55:29.371Z] INFO: Iteration 10
[2024-12-24T06:55:38.361Z] INFO: Supplier Name: ESPO
[2024-12-24T06:55:40.269Z] INFO: Payment Methods 11 : BACS  
[2024-12-24T06:55:40.269Z] INFO: Key-value- BACS:YPO,Digicom Computers,The Consortium,Global Construction Ltd,British Telecom,OVO Energy,ESPO
[2024-12-24T06:55:40.269Z] INFO: Iteration 11
[2024-12-24T06:55:49.347Z] INFO: Supplier Name: Southern Examination Board
[2024-12-24T06:55:51.340Z] INFO: Payment Methods 12 : CHQ   
[2024-12-24T06:55:51.340Z] INFO: Iteration 12
[2024-12-24T06:57:58.145Z] INFO: Test environment: uat
[2024-12-24T06:57:58.147Z] INFO: Browser: chromium
[2024-12-24T06:57:59.019Z] INFO: Test environment: uat
[2024-12-24T06:57:59.021Z] INFO: Browser: chromium
[2024-12-24T06:58:04.554Z] INFO: Login to the application
[2024-12-24T06:58:08.637Z] INFO: Home Page elements visibility verified on load
[2024-12-24T06:58:19.277Z] INFO: Navigate to screen PRL210
[2024-12-24T06:58:19.877Z] INFO: Total Supplier Count=15
[2024-12-24T06:58:26.911Z] INFO: Supplier Name: YPO
[2024-12-24T06:58:27.163Z] INFO: Payment Methods 0 : BACS  
[2024-12-24T06:58:27.163Z] INFO: Key-value- BACS:YPO
[2024-12-24T06:58:27.163Z] INFO: Iteration 0
[2024-12-24T06:58:29.639Z] INFO: Supplier Name: Sportscene
[2024-12-24T06:58:29.890Z] INFO: Payment Methods 1 : CHQ
[2024-12-24T06:58:29.890Z] INFO: Iteration 1
[2024-12-24T06:58:32.149Z] INFO: Supplier Name: Digicom Computers
[2024-12-24T06:58:32.595Z] INFO: Payment Methods 2 : BACS
[2024-12-24T06:58:32.595Z] INFO: Key-value- BACS:YPO,Digicom Computers
[2024-12-24T06:58:32.595Z] INFO: Iteration 2
[2024-12-24T06:58:35.116Z] INFO: Supplier Name: 3663
[2024-12-24T06:58:35.360Z] INFO: Payment Methods 3 : CHQ
[2024-12-24T06:58:35.360Z] INFO: Iteration 3
[2024-12-24T06:58:39.219Z] INFO: Supplier Name: Eastern Water Authority
[2024-12-24T06:58:39.746Z] INFO: Payment Methods 4 : CHQ   
[2024-12-24T06:58:39.747Z] INFO: Iteration 4
[2024-12-24T06:58:42.388Z] INFO: Supplier Name: The Consortium
[2024-12-24T06:58:42.649Z] INFO: Payment Methods 5 : BACS
[2024-12-24T06:58:42.650Z] INFO: Key-value- BACS:YPO,Digicom Computers,The Consortium
[2024-12-24T06:58:42.650Z] INFO: Iteration 5
[2024-12-24T06:58:46.218Z] INFO: Supplier Name: Global Construction Ltd
[2024-12-24T06:58:46.580Z] INFO: Payment Methods 6 : BACS  
[2024-12-24T06:58:46.580Z] INFO: Key-value- BACS:YPO,Digicom Computers,The Consortium,Global Construction Ltd
[2024-12-24T06:58:46.581Z] INFO: Iteration 6
[2024-12-24T06:58:49.131Z] INFO: Supplier Name: British Telecom
[2024-12-24T06:58:49.392Z] INFO: Payment Methods 7 : BACS
[2024-12-24T06:58:49.392Z] INFO: Key-value- BACS:YPO,Digicom Computers,The Consortium,Global Construction Ltd,British Telecom
[2024-12-24T06:58:49.392Z] INFO: Iteration 7
[2024-12-24T06:58:51.828Z] INFO: Supplier Name: OVO Energy
[2024-12-24T06:58:52.092Z] INFO: Payment Methods 8 : BACS
[2024-12-24T06:58:52.092Z] INFO: Key-value- BACS:YPO,Digicom Computers,The Consortium,Global Construction Ltd,British Telecom,OVO Energy
[2024-12-24T06:58:52.092Z] INFO: Iteration 8
[2024-12-24T06:58:54.407Z] INFO: Supplier Name: Promethean Limited
[2024-12-24T06:58:54.863Z] INFO: Payment Methods 9 : CHQ
[2024-12-24T06:58:54.863Z] INFO: Iteration 9
[2024-12-24T06:58:58.524Z] INFO: Supplier Name: Jones & Co - Solicitors
[2024-12-24T06:58:58.775Z] INFO: Payment Methods 10 : CHQ   
[2024-12-24T06:58:58.775Z] INFO: Iteration 10
[2024-12-24T06:59:01.524Z] INFO: Supplier Name: ESPO
[2024-12-24T06:59:01.796Z] INFO: Payment Methods 11 : BACS
[2024-12-24T06:59:01.796Z] INFO: Key-value- BACS:YPO,Digicom Computers,The Consortium,Global Construction Ltd,British Telecom,OVO Energy,ESPO
[2024-12-24T06:59:01.796Z] INFO: Iteration 11
[2024-12-24T06:59:05.372Z] INFO: Supplier Name: Southern Examination Board
[2024-12-24T06:59:05.623Z] INFO: Payment Methods 12 : CHQ   
[2024-12-24T06:59:05.623Z] INFO: Iteration 12
[2024-12-24T06:59:09.321Z] INFO: Supplier Name: GLS
[2024-12-24T06:59:09.554Z] INFO: Payment Methods 13 : BACS  
[2024-12-24T06:59:09.555Z] INFO: Key-value- BACS:YPO,Digicom Computers,The Consortium,Global Construction Ltd,British Telecom,OVO Energy,ESPO,GLS
[2024-12-24T06:59:09.555Z] INFO: Iteration 13
[2024-12-24T06:59:13.320Z] INFO: Supplier Name: ABC Personnel Services
[2024-12-24T06:59:13.591Z] INFO: Payment Methods 14 : CHQ   
[2024-12-24T06:59:13.591Z] INFO: Iteration 14
[2024-12-24T06:59:14.035Z] INFO: supplist:YPO,Digicom Computers,The Consortium,Global Construction Ltd,British Telecom,OVO Energy,ESPO,GLS
[2024-12-24T06:59:14.035Z] INFO: Supplier: YPO
[2024-12-24T06:59:14.035Z] INFO: Supplier: Digicom Computers
[2024-12-24T06:59:14.035Z] INFO: Supplier: The Consortium
[2024-12-24T06:59:14.035Z] INFO: Supplier: Global Construction Ltd
[2024-12-24T06:59:14.035Z] INFO: Supplier: British Telecom
[2024-12-24T06:59:14.035Z] INFO: Supplier: OVO Energy
[2024-12-24T06:59:14.035Z] INFO: Supplier: ESPO
[2024-12-24T06:59:14.035Z] INFO: Supplier: GLS
[2024-12-24T07:00:08.180Z] INFO: Test environment: uat
[2024-12-24T07:00:08.182Z] INFO: Browser: chromium
[2024-12-24T07:00:11.449Z] INFO: Test environment: uat
[2024-12-24T07:00:11.451Z] INFO: Browser: chromium
[2024-12-24T07:00:12.313Z] INFO: Test environment: uat
[2024-12-24T07:00:12.315Z] INFO: Browser: chromium
[2024-12-24T07:00:13.179Z] INFO: Test environment: uat
[2024-12-24T07:00:13.181Z] INFO: Browser: chromium
[2024-12-24T07:00:13.939Z] INFO: Test environment: uat
[2024-12-24T07:00:13.942Z] INFO: Browser: chromium
[2024-12-24T07:00:17.518Z] INFO: Login to the application
[2024-12-24T07:00:19.562Z] INFO: Home Page elements visibility verified on load
[2024-12-24T07:00:22.815Z] INFO: Navigate to screen PRL210
[2024-12-24T07:00:34.863Z] INFO: Total Supplier Count=15
[2024-12-24T07:00:38.905Z] INFO: Supplier Name: YPO
[2024-12-24T07:00:39.185Z] INFO: Payment Methods 0 : BACS  
[2024-12-24T07:00:39.186Z] INFO: Key-value- BACS:YPO
[2024-12-24T07:00:39.186Z] INFO: Iteration 0
[2024-12-24T07:00:43.737Z] INFO: Supplier Name: Sportscene
[2024-12-24T07:00:44.014Z] INFO: Payment Methods 1 : CHQ   
[2024-12-24T07:00:44.014Z] INFO: Iteration 1
[2024-12-24T07:00:48.567Z] INFO: Supplier Name: Digicom Computers
[2024-12-24T07:00:48.848Z] INFO: Payment Methods 2 : BACS  
[2024-12-24T07:00:48.848Z] INFO: Key-value- BACS:YPO,Digicom Computers
[2024-12-24T07:00:48.849Z] INFO: Iteration 2
[2024-12-24T07:00:53.351Z] INFO: Supplier Name: 3663
[2024-12-24T07:00:53.666Z] INFO: Payment Methods 3 : CHQ   
[2024-12-24T07:00:53.666Z] INFO: Iteration 3
[2024-12-24T07:00:58.439Z] INFO: Supplier Name: Eastern Water Authority
[2024-12-24T07:00:58.720Z] INFO: Payment Methods 4 : CHQ   
[2024-12-24T07:00:58.720Z] INFO: Iteration 4
[2024-12-24T07:01:03.625Z] INFO: Supplier Name: The Consortium
[2024-12-24T07:01:03.935Z] INFO: Payment Methods 5 : BACS  
[2024-12-24T07:01:03.935Z] INFO: Key-value- BACS:YPO,Digicom Computers,The Consortium
[2024-12-24T07:01:03.935Z] INFO: Iteration 5
[2024-12-24T07:01:09.045Z] INFO: Supplier Name: Global Construction Ltd
[2024-12-24T07:01:09.315Z] INFO: Payment Methods 6 : BACS  
[2024-12-24T07:01:09.315Z] INFO: Key-value- BACS:YPO,Digicom Computers,The Consortium,Global Construction Ltd
[2024-12-24T07:01:09.315Z] INFO: Iteration 6
[2024-12-24T07:01:13.853Z] INFO: Supplier Name: British Telecom
[2024-12-24T07:01:14.130Z] INFO: Payment Methods 7 : BACS  
[2024-12-24T07:01:14.130Z] INFO: Key-value- BACS:YPO,Digicom Computers,The Consortium,Global Construction Ltd,British Telecom
[2024-12-24T07:01:14.131Z] INFO: Iteration 7
[2024-12-24T07:01:18.766Z] INFO: Supplier Name: OVO Energy
[2024-12-24T07:01:19.084Z] INFO: Payment Methods 8 : BACS  
[2024-12-24T07:01:19.084Z] INFO: Key-value- BACS:YPO,Digicom Computers,The Consortium,Global Construction Ltd,British Telecom,OVO Energy
[2024-12-24T07:01:19.084Z] INFO: Iteration 8
[2024-12-24T07:01:24.137Z] INFO: Supplier Name: Promethean Limited
[2024-12-24T07:01:24.727Z] INFO: Payment Methods 9 : CHQ   
[2024-12-24T07:01:24.727Z] INFO: Iteration 9
[2024-12-24T07:01:29.279Z] INFO: Supplier Name: Jones & Co - Solicitors
[2024-12-24T07:01:29.571Z] INFO: Payment Methods 10 : CHQ   
[2024-12-24T07:01:29.572Z] INFO: Iteration 10
[2024-12-24T07:01:34.036Z] INFO: Supplier Name: ESPO
[2024-12-24T07:01:34.314Z] INFO: Payment Methods 11 : BACS  
[2024-12-24T07:01:34.314Z] INFO: Key-value- BACS:YPO,Digicom Computers,The Consortium,Global Construction Ltd,British Telecom,OVO Energy,ESPO
[2024-12-24T07:01:34.314Z] INFO: Iteration 11
[2024-12-24T07:01:39.257Z] INFO: Supplier Name: Southern Examination Board
[2024-12-24T07:01:39.519Z] INFO: Payment Methods 12 : CHQ   
[2024-12-24T07:01:39.519Z] INFO: Iteration 12
[2024-12-24T07:01:44.794Z] INFO: Supplier Name: GLS
[2024-12-24T07:01:45.083Z] INFO: Payment Methods 13 : BACS  
[2024-12-24T07:01:45.083Z] INFO: Key-value- BACS:YPO,Digicom Computers,The Consortium,Global Construction Ltd,British Telecom,OVO Energy,ESPO,GLS
[2024-12-24T07:01:45.084Z] INFO: Iteration 13
[2024-12-24T07:01:49.630Z] INFO: Supplier Name: ABC Personnel Services
[2024-12-24T07:01:49.864Z] INFO: Payment Methods 14 : CHQ   
[2024-12-24T07:01:49.864Z] INFO: Iteration 14
[2024-12-24T07:01:50.399Z] INFO: supplist:YPO,Digicom Computers,The Consortium,Global Construction Ltd,British Telecom,OVO Energy,ESPO,GLS
[2024-12-24T07:01:50.399Z] INFO: Supplier: YPO
[2024-12-24T07:01:50.399Z] INFO: Supplier: Digicom Computers
[2024-12-24T07:01:50.399Z] INFO: Supplier: The Consortium
[2024-12-24T07:01:50.399Z] INFO: Supplier: Global Construction Ltd
[2024-12-24T07:01:50.399Z] INFO: Supplier: British Telecom
[2024-12-24T07:01:50.399Z] INFO: Supplier: OVO Energy
[2024-12-24T07:01:50.399Z] INFO: Supplier: ESPO
[2024-12-24T07:01:50.399Z] INFO: Supplier: GLS
[2024-12-24T07:02:32.638Z] INFO: Test environment: uat
[2024-12-24T07:02:32.640Z] INFO: Browser: chromium
[2024-12-24T07:02:44.020Z] INFO: Test environment: uat
[2024-12-24T07:02:44.022Z] INFO: Browser: chromium
[2024-12-24T07:02:51.732Z] INFO: Test environment: uat
[2024-12-24T07:02:51.734Z] INFO: Browser: chromium
[2024-12-24T07:03:01.900Z] INFO: Test environment: uat
[2024-12-24T07:03:01.902Z] INFO: Browser: chromium
[2024-12-24T07:03:10.198Z] INFO: Test environment: uat
[2024-12-24T07:03:10.200Z] INFO: Browser: chromium
[2024-12-24T07:03:10.937Z] INFO: Test environment: uat
[2024-12-24T07:03:10.940Z] INFO: Browser: chromium
[2024-12-24T07:03:23.565Z] INFO: Test environment: uat
[2024-12-24T07:03:23.567Z] INFO: Browser: chromium
[2024-12-24T07:03:34.535Z] INFO: Test environment: uat
[2024-12-24T07:03:34.537Z] INFO: Browser: chromium
[2024-12-24T07:03:39.715Z] INFO: Test environment: uat
[2024-12-24T07:03:39.717Z] INFO: Browser: chromium
[2024-12-24T07:03:46.124Z] INFO: Test environment: uat
[2024-12-24T07:03:46.127Z] INFO: Browser: chromium
[2024-12-24T07:03:46.928Z] INFO: Test environment: uat
[2024-12-24T07:03:46.931Z] INFO: Browser: chromium
[2024-12-24T07:03:48.048Z] INFO: Test environment: uat
[2024-12-24T07:03:48.050Z] INFO: Browser: chromium
[2024-12-24T07:04:00.332Z] INFO: Test environment: uat
[2024-12-24T07:04:00.334Z] INFO: Browser: chromium
[2024-12-24T07:04:01.143Z] INFO: Test environment: uat
[2024-12-24T07:04:01.146Z] INFO: Browser: chromium
[2024-12-24T07:04:05.943Z] INFO: Test environment: uat
[2024-12-24T07:04:05.946Z] INFO: Browser: chromium
[2024-12-24T07:04:07.462Z] INFO: Test environment: uat
[2024-12-24T07:04:07.465Z] INFO: Browser: chromium
[2024-12-24T07:04:08.224Z] INFO: Test environment: uat
[2024-12-24T07:04:08.226Z] INFO: Browser: chromium
[2024-12-24T07:04:09.954Z] INFO: Test environment: uat
[2024-12-24T07:04:09.956Z] INFO: Browser: chromium
[2024-12-24T07:04:10.689Z] INFO: Test environment: uat
[2024-12-24T07:04:10.692Z] INFO: Browser: chromium
[2024-12-24T07:04:49.407Z] INFO: Test environment: uat
[2024-12-24T07:04:49.410Z] INFO: Browser: chromium
[2024-12-24T07:04:53.568Z] INFO: Test environment: uat
[2024-12-24T07:04:53.570Z] INFO: Browser: chromium
[2024-12-24T07:04:54.529Z] INFO: Test environment: uat
[2024-12-24T07:04:54.531Z] INFO: Browser: chromium
[2024-12-24T07:05:01.061Z] INFO: Test environment: uat
[2024-12-24T07:05:01.063Z] INFO: Browser: chromium
[2024-12-24T07:05:01.763Z] INFO: Test environment: uat
[2024-12-24T07:05:01.765Z] INFO: Browser: chromium
[2024-12-24T07:05:03.877Z] INFO: Login to the application
[2024-12-24T07:05:06.149Z] INFO: Home Page elements visibility verified on load
[2024-12-24T07:05:09.462Z] INFO: Navigate to screen PRL210
[2024-12-24T07:05:09.884Z] INFO: Total Supplier Count=15
[2024-12-24T07:05:12.058Z] INFO: Supplier Name: YPO
[2024-12-24T07:05:12.510Z] INFO: Payment Methods 0 : BACS
[2024-12-24T07:05:12.510Z] INFO: Key-value- BACS:YPO
[2024-12-24T07:05:12.511Z] INFO: Iteration 0
[2024-12-24T07:05:15.176Z] INFO: Supplier Name: Sportscene
[2024-12-24T07:05:15.621Z] INFO: Payment Methods 1 : CHQ
[2024-12-24T07:05:15.622Z] INFO: Iteration 1
[2024-12-24T07:05:19.443Z] INFO: Supplier Name: Digicom Computers
[2024-12-24T07:05:19.725Z] INFO: Payment Methods 2 : BACS  
[2024-12-24T07:05:19.725Z] INFO: Key-value- BACS:YPO,Digicom Computers
[2024-12-24T07:05:19.726Z] INFO: Iteration 2
[2024-12-24T07:05:22.207Z] INFO: Supplier Name: 3663
[2024-12-24T07:05:22.472Z] INFO: Payment Methods 3 : CHQ
[2024-12-24T07:05:22.472Z] INFO: Iteration 3
[2024-12-24T07:05:24.826Z] INFO: Supplier Name: Eastern Water Authority
[2024-12-24T07:05:25.292Z] INFO: Payment Methods 4 : CHQ
[2024-12-24T07:05:25.292Z] INFO: Iteration 4
[2024-12-24T07:05:27.660Z] INFO: Supplier Name: The Consortium
[2024-12-24T07:05:28.112Z] INFO: Payment Methods 5 : BACS
[2024-12-24T07:05:28.112Z] INFO: Key-value- BACS:YPO,Digicom Computers,The Consortium
[2024-12-24T07:05:28.112Z] INFO: Iteration 5
[2024-12-24T07:05:30.709Z] INFO: Supplier Name: Global Construction Ltd
[2024-12-24T07:05:30.951Z] INFO: Payment Methods 6 : BACS
[2024-12-24T07:05:30.951Z] INFO: Key-value- BACS:YPO,Digicom Computers,The Consortium,Global Construction Ltd
[2024-12-24T07:05:30.951Z] INFO: Iteration 6
[2024-12-24T07:05:34.566Z] INFO: Supplier Name: British Telecom
[2024-12-24T07:05:34.802Z] INFO: Payment Methods 7 : BACS  
[2024-12-24T07:05:34.802Z] INFO: Key-value- BACS:YPO,Digicom Computers,The Consortium,Global Construction Ltd,British Telecom
[2024-12-24T07:05:34.802Z] INFO: Iteration 7
[2024-12-24T07:05:37.433Z] INFO: Supplier Name: OVO Energy
[2024-12-24T07:05:37.694Z] INFO: Payment Methods 8 : BACS
[2024-12-24T07:05:37.694Z] INFO: Key-value- BACS:YPO,Digicom Computers,The Consortium,Global Construction Ltd,British Telecom,OVO Energy
[2024-12-24T07:05:37.694Z] INFO: Iteration 8
[2024-12-24T07:05:41.283Z] INFO: Supplier Name: Promethean Limited
[2024-12-24T07:05:41.528Z] INFO: Payment Methods 9 : CHQ   
[2024-12-24T07:05:41.528Z] INFO: Iteration 9
[2024-12-24T07:05:44.058Z] INFO: Supplier Name: Jones & Co - Solicitors
[2024-12-24T07:05:44.315Z] INFO: Payment Methods 10 : CHQ
[2024-12-24T07:05:44.315Z] INFO: Iteration 10
[2024-12-24T07:05:46.577Z] INFO: Supplier Name: ESPO
[2024-12-24T07:05:46.827Z] INFO: Payment Methods 11 : BACS
[2024-12-24T07:05:46.828Z] INFO: Key-value- BACS:YPO,Digicom Computers,The Consortium,Global Construction Ltd,British Telecom,OVO Energy,ESPO
[2024-12-24T07:05:46.828Z] INFO: Iteration 11
[2024-12-24T07:05:51.128Z] INFO: Supplier Name: Southern Examination Board
[2024-12-24T07:05:51.386Z] INFO: Payment Methods 12 : CHQ   
[2024-12-24T07:05:51.386Z] INFO: Iteration 12
[2024-12-24T07:05:54.368Z] INFO: Supplier Name: GLS
[2024-12-24T07:05:54.631Z] INFO: Payment Methods 13 : BACS
[2024-12-24T07:05:54.631Z] INFO: Key-value- BACS:YPO,Digicom Computers,The Consortium,Global Construction Ltd,British Telecom,OVO Energy,ESPO,GLS
[2024-12-24T07:05:54.631Z] INFO: Iteration 13
[2024-12-24T07:05:58.249Z] INFO: Supplier Name: ABC Personnel Services
[2024-12-24T07:05:58.512Z] INFO: Payment Methods 14 : CHQ   
[2024-12-24T07:05:58.513Z] INFO: Iteration 14
[2024-12-24T07:05:59.086Z] INFO: supplist:YPO,Digicom Computers,The Consortium,Global Construction Ltd,British Telecom,OVO Energy,ESPO,GLS
[2024-12-24T07:05:59.086Z] INFO: Supplier: YPO
[2024-12-24T07:05:59.086Z] INFO: Supplier: Digicom Computers
[2024-12-24T07:05:59.086Z] INFO: Supplier: The Consortium
[2024-12-24T07:05:59.086Z] INFO: Supplier: Global Construction Ltd
[2024-12-24T07:05:59.086Z] INFO: Supplier: British Telecom
[2024-12-24T07:05:59.086Z] INFO: Supplier: OVO Energy
[2024-12-24T07:05:59.086Z] INFO: Supplier: ESPO
[2024-12-24T07:05:59.086Z] INFO: Supplier: GLS
[2024-12-24T07:08:11.475Z] INFO: Test environment: uat
[2024-12-24T07:08:11.478Z] INFO: Browser: chromium
[2024-12-24T07:08:13.931Z] INFO: Test environment: uat
[2024-12-24T07:08:13.933Z] INFO: Browser: chromium
[2024-12-24T07:08:16.153Z] INFO: Test environment: uat
[2024-12-24T07:08:16.155Z] INFO: Browser: chromium
[2024-12-24T07:08:18.519Z] INFO: Test environment: uat
[2024-12-24T07:08:18.521Z] INFO: Browser: chromium
[2024-12-24T07:08:21.359Z] INFO: Test environment: uat
[2024-12-24T07:08:21.362Z] INFO: Browser: chromium
[2024-12-24T07:08:22.924Z] INFO: Test environment: uat
[2024-12-24T07:08:22.926Z] INFO: Browser: chromium
[2024-12-24T07:08:35.432Z] INFO: Test environment: uat
[2024-12-24T07:08:35.434Z] INFO: Browser: chromium
[2024-12-24T07:08:36.318Z] INFO: Test environment: uat
[2024-12-24T07:08:36.320Z] INFO: Browser: chromium
[2024-12-24T07:09:32.598Z] INFO: Test environment: uat
[2024-12-24T07:09:32.600Z] INFO: Browser: chromium
[2024-12-24T07:09:49.839Z] INFO: Test environment: uat
[2024-12-24T07:09:49.842Z] INFO: Browser: chromium
[2024-12-24T07:09:53.805Z] INFO: Test environment: uat
[2024-12-24T07:09:53.807Z] INFO: Browser: chromium
[2024-12-24T07:09:56.341Z] INFO: Test environment: uat
[2024-12-24T07:09:56.344Z] INFO: Browser: chromium
[2024-12-24T07:10:03.988Z] INFO: Test environment: uat
[2024-12-24T07:10:03.991Z] INFO: Browser: chromium
[2024-12-24T07:10:06.189Z] INFO: Test environment: uat
[2024-12-24T07:10:06.191Z] INFO: Browser: chromium
[2024-12-24T07:10:07.763Z] INFO: Test environment: uat
[2024-12-24T07:10:07.765Z] INFO: Browser: chromium
[2024-12-24T07:10:16.957Z] INFO: Test environment: uat
[2024-12-24T07:10:16.959Z] INFO: Browser: chromium
[2024-12-24T07:10:17.832Z] INFO: Test environment: uat
[2024-12-24T07:10:17.834Z] INFO: Browser: chromium
[2024-12-24T07:10:29.945Z] INFO: Test environment: uat
[2024-12-24T07:10:29.947Z] INFO: Browser: chromium
[2024-12-24T07:10:36.991Z] INFO: Test environment: uat
[2024-12-24T07:10:36.994Z] INFO: Browser: chromium
[2024-12-24T07:10:51.640Z] INFO: Test environment: uat
[2024-12-24T07:10:51.642Z] INFO: Browser: chromium
[2024-12-24T07:10:57.634Z] INFO: Test environment: uat
[2024-12-24T07:10:57.636Z] INFO: Browser: chromium
[2024-12-24T07:10:58.376Z] INFO: Test environment: uat
[2024-12-24T07:10:58.378Z] INFO: Browser: chromium
[2024-12-24T07:11:06.346Z] INFO: Test environment: uat
[2024-12-24T07:11:06.348Z] INFO: Browser: chromium
[2024-12-24T07:11:09.770Z] INFO: Test environment: uat
[2024-12-24T07:11:09.772Z] INFO: Browser: chromium
[2024-12-24T07:11:10.534Z] INFO: Test environment: uat
[2024-12-24T07:11:10.536Z] INFO: Browser: chromium
[2024-12-24T07:11:25.756Z] INFO: Test environment: uat
[2024-12-24T07:11:25.758Z] INFO: Browser: chromium
[2024-12-24T07:11:26.447Z] INFO: Test environment: uat
[2024-12-24T07:11:26.449Z] INFO: Browser: chromium
[2024-12-24T07:11:28.527Z] INFO: Login to the application
[2024-12-24T07:11:30.739Z] INFO: Home Page elements visibility verified on load
[2024-12-24T07:11:34.028Z] INFO: Navigate to screen PRL210
[2024-12-24T07:11:34.655Z] INFO: Total Supplier Count=15
[2024-12-24T07:11:36.395Z] INFO: Supplier Name: YPO
[2024-12-24T07:11:36.844Z] INFO: Payment Methods 0 : BACS
[2024-12-24T07:11:36.844Z] INFO: Key-value- BACS:YPO
[2024-12-24T07:11:36.844Z] INFO: Iteration 0
[2024-12-24T07:11:47.482Z] INFO: Supplier Name: Sportscene
[2024-12-24T07:11:49.475Z] INFO: Payment Methods 1 : CHQ   
[2024-12-24T07:11:49.475Z] INFO: Iteration 1
[2024-12-24T07:11:58.537Z] INFO: Supplier Name: Digicom Computers
[2024-12-24T07:12:00.636Z] INFO: Payment Methods 2 : BACS  
[2024-12-24T07:12:00.636Z] INFO: Key-value- BACS:YPO,Digicom Computers
[2024-12-24T07:12:00.636Z] INFO: Iteration 2
[2024-12-24T07:12:09.596Z] INFO: Supplier Name: 3663
[2024-12-24T07:12:11.693Z] INFO: Payment Methods 3 : CHQ   
[2024-12-24T07:12:11.693Z] INFO: Iteration 3
[2024-12-24T07:12:18.439Z] INFO: Supplier Name: Eastern Water Authority
[2024-12-24T07:12:18.697Z] INFO: Payment Methods 4 : CHQ   
[2024-12-24T07:12:18.697Z] INFO: Iteration 4
[2024-12-24T07:12:26.184Z] INFO: Supplier Name: The Consortium
[2024-12-24T07:12:28.176Z] INFO: Payment Methods 5 : BACS  
[2024-12-24T07:12:28.176Z] INFO: Key-value- BACS:YPO,Digicom Computers,The Consortium
[2024-12-24T07:12:28.176Z] INFO: Iteration 5
[2024-12-24T07:12:37.744Z] INFO: Supplier Name: Global Construction Ltd
[2024-12-24T07:12:39.581Z] INFO: Payment Methods 6 : BACS  
[2024-12-24T07:12:39.581Z] INFO: Key-value- BACS:YPO,Digicom Computers,The Consortium,Global Construction Ltd
[2024-12-24T07:12:39.581Z] INFO: Iteration 6
[2024-12-24T07:12:49.300Z] INFO: Supplier Name: British Telecom
[2024-12-24T07:12:51.431Z] INFO: Payment Methods 7 : BACS  
[2024-12-24T07:12:51.431Z] INFO: Key-value- BACS:YPO,Digicom Computers,The Consortium,Global Construction Ltd,British Telecom
[2024-12-24T07:12:51.431Z] INFO: Iteration 7
[2024-12-24T07:13:00.384Z] INFO: Supplier Name: OVO Energy
[2024-12-24T07:13:02.513Z] INFO: Payment Methods 8 : BACS  
[2024-12-24T07:13:02.513Z] INFO: Key-value- BACS:YPO,Digicom Computers,The Consortium,Global Construction Ltd,British Telecom,OVO Energy
[2024-12-24T07:13:02.513Z] INFO: Iteration 8
[2024-12-24T07:13:11.542Z] INFO: Supplier Name: Promethean Limited
[2024-12-24T07:13:13.448Z] INFO: Payment Methods 9 : CHQ   
[2024-12-24T07:13:13.449Z] INFO: Iteration 9
[2024-12-24T07:13:23.463Z] INFO: Supplier Name: Jones & Co - Solicitors
[2024-12-24T07:13:25.489Z] INFO: Payment Methods 10 : CHQ   
[2024-12-24T07:13:25.490Z] INFO: Iteration 10
[2024-12-24T07:14:44.805Z] INFO: Test environment: uat
[2024-12-24T07:14:44.808Z] INFO: Browser: chromium
[2024-12-24T07:14:49.216Z] INFO: Test environment: uat
[2024-12-24T07:14:49.218Z] INFO: Browser: chromium
[2024-12-24T07:14:52.245Z] INFO: Test environment: uat
[2024-12-24T07:14:52.248Z] INFO: Browser: chromium
[2024-12-24T07:14:52.934Z] INFO: Test environment: uat
[2024-12-24T07:14:52.936Z] INFO: Browser: chromium
[2024-12-24T07:14:57.546Z] INFO: Login to the application
[2024-12-24T07:15:02.454Z] INFO: Home Page elements visibility verified on load
[2024-12-24T07:15:12.420Z] INFO: Navigate to screen PRL210
[2024-12-24T07:15:13.037Z] INFO: Total Supplier Count=15
[2024-12-24T07:16:42.844Z] INFO: Test environment: uat
[2024-12-24T07:16:42.846Z] INFO: Browser: chromium
[2024-12-24T07:16:43.698Z] INFO: Test environment: uat
[2024-12-24T07:16:43.700Z] INFO: Browser: chromium
[2024-12-24T07:16:47.683Z] INFO: Login to the application
[2024-12-24T07:16:52.570Z] INFO: Home Page elements visibility verified on load
[2024-12-24T07:16:59.568Z] INFO: Navigate to screen PRL210
[2024-12-24T07:17:00.529Z] INFO: Total Supplier Count=15
[2024-12-24T07:17:07.371Z] INFO: Supplier Name: YPO
[2024-12-24T07:17:08.988Z] INFO: Test environment: uat
[2024-12-24T07:17:08.990Z] INFO: Browser: chromium
[2024-12-24T07:17:09.951Z] INFO: Test environment: uat
[2024-12-24T07:17:09.953Z] INFO: Browser: chromium
[2024-12-24T07:17:10.722Z] INFO: Test environment: uat
[2024-12-24T07:17:10.725Z] INFO: Browser: chromium
[2024-12-24T07:17:11.489Z] INFO: Test environment: uat
[2024-12-24T07:17:11.491Z] INFO: Browser: chromium
[2024-12-24T07:17:12.189Z] INFO: Test environment: uat
[2024-12-24T07:17:12.191Z] INFO: Browser: chromium
[2024-12-24T07:17:12.906Z] INFO: Test environment: uat
[2024-12-24T07:17:12.908Z] INFO: Browser: chromium
[2024-12-24T07:17:14.800Z] INFO: Login to the application
[2024-12-24T07:17:16.683Z] INFO: Home Page elements visibility verified on load
[2024-12-24T07:17:19.876Z] INFO: Navigate to screen PRL210
[2024-12-24T07:17:20.351Z] INFO: Total Supplier Count=15
[2024-12-24T07:17:23.485Z] INFO: Supplier Name: YPO
[2024-12-24T07:17:23.724Z] INFO: Payment Methods 0 : BACS  
[2024-12-24T07:17:23.724Z] INFO: Key-value- BACS:YPO
[2024-12-24T07:17:23.724Z] INFO: Iteration 0
[2024-12-24T07:17:26.324Z] INFO: Supplier Name: Sportscene
[2024-12-24T07:17:26.590Z] INFO: Payment Methods 1 : CHQ
[2024-12-24T07:17:26.590Z] INFO: Iteration 1
[2024-12-24T07:17:30.181Z] INFO: Supplier Name: Digicom Computers
[2024-12-24T07:17:30.462Z] INFO: Payment Methods 2 : BACS  
[2024-12-24T07:17:30.462Z] INFO: Key-value- BACS:YPO,Digicom Computers
[2024-12-24T07:17:30.462Z] INFO: Iteration 2
[2024-12-24T07:17:30.912Z] INFO: supplist:YPO,Digicom Computers
[2024-12-24T07:17:30.912Z] INFO: Supplier: YPO
[2024-12-24T07:17:30.912Z] INFO: Supplier: Digicom Computers
[2024-12-24T07:18:34.340Z] INFO: Test environment: uat
[2024-12-24T07:18:34.342Z] INFO: Browser: chromium
[2024-12-24T07:18:40.719Z] INFO: Test environment: uat
[2024-12-24T07:18:40.722Z] INFO: Browser: chromium
[2024-12-24T07:18:41.667Z] INFO: Test environment: uat
[2024-12-24T07:18:41.669Z] INFO: Browser: chromium
[2024-12-24T07:18:48.860Z] INFO: Test environment: uat
[2024-12-24T07:18:48.862Z] INFO: Browser: chromium
[2024-12-24T07:18:50.804Z] INFO: Test environment: uat
[2024-12-24T07:18:50.807Z] INFO: Browser: chromium
[2024-12-24T07:18:52.428Z] INFO: Test environment: uat
[2024-12-24T07:18:52.430Z] INFO: Browser: chromium
[2024-12-24T07:18:54.975Z] INFO: Test environment: uat
[2024-12-24T07:18:54.978Z] INFO: Browser: chromium
[2024-12-24T07:18:56.540Z] INFO: Test environment: uat
[2024-12-24T07:18:56.544Z] INFO: Browser: chromium
[2024-12-24T07:18:58.868Z] INFO: Test environment: uat
[2024-12-24T07:18:58.871Z] INFO: Browser: chromium
[2024-12-24T07:19:00.423Z] INFO: Test environment: uat
[2024-12-24T07:19:00.426Z] INFO: Browser: chromium
[2024-12-24T07:19:05.321Z] INFO: Test environment: uat
[2024-12-24T07:19:05.323Z] INFO: Browser: chromium
[2024-12-24T07:19:07.336Z] INFO: Test environment: uat
[2024-12-24T07:19:07.338Z] INFO: Browser: chromium
[2024-12-24T07:19:08.074Z] INFO: Test environment: uat
[2024-12-24T07:19:08.076Z] INFO: Browser: chromium
[2024-12-24T07:19:13.202Z] INFO: Test environment: uat
[2024-12-24T07:19:13.204Z] INFO: Browser: chromium
[2024-12-24T07:19:13.898Z] INFO: Test environment: uat
[2024-12-24T07:19:13.900Z] INFO: Browser: chromium
[2024-12-24T07:19:15.840Z] INFO: Login to the application
[2024-12-24T07:19:17.751Z] INFO: Home Page elements visibility verified on load
[2024-12-24T07:19:20.327Z] INFO: Navigate to screen PRL210
[2024-12-24T07:19:21.314Z] INFO: Total Supplier Count=15
[2024-12-24T07:19:23.105Z] INFO: Supplier Name: YPO
[2024-12-24T07:19:23.573Z] INFO: Payment Methods 0 : BACS
[2024-12-24T07:19:23.573Z] INFO: Key-value- BACS:YPO
[2024-12-24T07:19:23.573Z] INFO: Iteration 0
[2024-12-24T07:19:27.487Z] INFO: Supplier Name: Sportscene
[2024-12-24T07:19:27.711Z] INFO: Payment Methods 1 : CHQ   
[2024-12-24T07:19:27.711Z] INFO: Iteration 1
[2024-12-24T07:19:31.803Z] INFO: Supplier Name: Digicom Computers
[2024-12-24T07:19:32.052Z] INFO: Payment Methods 2 : BACS  
[2024-12-24T07:19:32.052Z] INFO: Key-value- BACS:YPO,Digicom Computers
[2024-12-24T07:19:32.052Z] INFO: Iteration 2
[2024-12-24T07:19:32.517Z] INFO: supplist:YPO,Digicom Computers
[2024-12-24T07:19:32.517Z] INFO: Supplier: YPO
[2024-12-24T07:19:32.517Z] INFO: Supplier: Digicom Computers
[2024-12-24T07:19:32.518Z] INFO: fullpath: C://Users//Pruthviraj.Pardeshi//SIMS Finance -pw non cucumber//Test Files//BACS24111249.TXT
[2024-12-24T07:21:07.196Z] INFO: Test environment: uat
[2024-12-24T07:21:07.198Z] INFO: Browser: chromium
[2024-12-24T07:21:16.836Z] INFO: Test environment: uat
[2024-12-24T07:21:16.838Z] INFO: Browser: chromium
[2024-12-24T07:21:18.542Z] INFO: Test environment: uat
[2024-12-24T07:21:18.545Z] INFO: Browser: chromium
[2024-12-24T07:21:32.291Z] INFO: Test environment: uat
[2024-12-24T07:21:32.293Z] INFO: Browser: chromium
[2024-12-24T07:21:35.800Z] INFO: Test environment: uat
[2024-12-24T07:21:35.803Z] INFO: Browser: chromium
[2024-12-24T07:21:41.441Z] INFO: Test environment: uat
[2024-12-24T07:21:41.443Z] INFO: Browser: chromium
[2024-12-24T07:21:44.624Z] INFO: Test environment: uat
[2024-12-24T07:21:44.626Z] INFO: Browser: chromium
[2024-12-24T07:21:49.840Z] INFO: Test environment: uat
[2024-12-24T07:21:49.842Z] INFO: Browser: chromium
[2024-12-24T07:21:52.397Z] INFO: Test environment: uat
[2024-12-24T07:21:52.399Z] INFO: Browser: chromium
[2024-12-24T07:21:54.439Z] INFO: Test environment: uat
[2024-12-24T07:21:54.442Z] INFO: Browser: chromium
[2024-12-24T07:21:56.275Z] INFO: Test environment: uat
[2024-12-24T07:21:56.277Z] INFO: Browser: chromium
[2024-12-24T07:22:02.936Z] INFO: Test environment: uat
[2024-12-24T07:22:02.938Z] INFO: Browser: chromium
[2024-12-24T07:22:06.455Z] INFO: Test environment: uat
[2024-12-24T07:22:06.457Z] INFO: Browser: chromium
[2024-12-24T07:22:08.734Z] INFO: Test environment: uat
[2024-12-24T07:22:08.736Z] INFO: Browser: chromium
[2024-12-24T07:22:12.546Z] INFO: Test environment: uat
[2024-12-24T07:22:12.548Z] INFO: Browser: chromium
[2024-12-24T07:22:14.277Z] INFO: Test environment: uat
[2024-12-24T07:22:14.279Z] INFO: Browser: chromium
[2024-12-24T07:22:16.411Z] INFO: Test environment: uat
[2024-12-24T07:22:16.413Z] INFO: Browser: chromium
[2024-12-24T07:22:52.612Z] INFO: Test environment: uat
[2024-12-24T07:22:52.614Z] INFO: Browser: chromium
[2024-12-24T07:22:55.331Z] INFO: Test environment: uat
[2024-12-24T07:22:55.333Z] INFO: Browser: chromium
[2024-12-24T07:23:01.026Z] INFO: Test environment: uat
[2024-12-24T07:23:01.029Z] INFO: Browser: chromium
[2024-12-24T07:23:02.500Z] INFO: Test environment: uat
[2024-12-24T07:23:02.502Z] INFO: Browser: chromium
[2024-12-24T07:23:03.475Z] INFO: Test environment: uat
[2024-12-24T07:23:03.477Z] INFO: Browser: chromium
[2024-12-24T07:25:22.072Z] INFO: Test environment: uat
[2024-12-24T07:25:22.074Z] INFO: Browser: chromium
[2024-12-24T07:25:22.849Z] INFO: Test environment: uat
[2024-12-24T07:25:22.851Z] INFO: Browser: chromium
[2024-12-24T07:25:30.429Z] INFO: Test environment: uat
[2024-12-24T07:25:30.431Z] INFO: Browser: chromium
[2024-12-24T07:25:31.124Z] INFO: Test environment: uat
[2024-12-24T07:25:31.126Z] INFO: Browser: chromium
[2024-12-24T07:25:33.116Z] INFO: Login to the application
[2024-12-24T07:25:35.341Z] INFO: Home Page elements visibility verified on load
[2024-12-24T07:25:38.234Z] INFO: Navigate to screen PRL210
[2024-12-24T07:25:39.203Z] INFO: Total Supplier Count=15
[2024-12-24T07:25:42.248Z] INFO: Supplier Name: YPO
[2024-12-24T07:25:42.484Z] INFO: Payment Methods 0 : BACS  
[2024-12-24T07:25:42.485Z] INFO: Key-value- BACS:YPO
[2024-12-24T07:25:42.485Z] INFO: Iteration 0
[2024-12-24T07:25:46.544Z] INFO: Supplier Name: Sportscene
[2024-12-24T07:25:46.919Z] INFO: Payment Methods 1 : CHQ   
[2024-12-24T07:25:46.919Z] INFO: Iteration 1
[2024-12-24T07:25:49.468Z] INFO: Supplier Name: Digicom Computers
[2024-12-24T07:25:49.757Z] INFO: Payment Methods 2 : BACS
[2024-12-24T07:25:49.758Z] INFO: Key-value- BACS:YPO,Digicom Computers
[2024-12-24T07:25:49.758Z] INFO: Iteration 2
[2024-12-24T07:25:50.222Z] INFO: supplist:YPO,Digicom Computers
[2024-12-24T07:25:50.222Z] INFO: Supplier: YPO
[2024-12-24T07:25:50.222Z] INFO: Supplier: Digicom Computers
[2024-12-24T07:25:50.222Z] INFO: fullpath: C://Users//Pruthviraj.Pardeshi//SIMS Finance -pw non cucumber//Test Files//BACS//24111255.TXT
[2024-12-24T07:26:33.730Z] INFO: Test environment: uat
[2024-12-24T07:26:33.732Z] INFO: Browser: chromium
[2024-12-24T07:26:35.042Z] INFO: Test environment: uat
[2024-12-24T07:26:35.044Z] INFO: Browser: chromium
[2024-12-24T07:26:38.663Z] INFO: Test environment: uat
[2024-12-24T07:26:38.665Z] INFO: Browser: chromium
[2024-12-24T07:26:40.363Z] INFO: Test environment: uat
[2024-12-24T07:26:40.365Z] INFO: Browser: chromium
[2024-12-24T07:26:41.319Z] INFO: Test environment: uat
[2024-12-24T07:26:41.321Z] INFO: Browser: chromium
[2024-12-24T07:26:43.894Z] INFO: Test environment: uat
[2024-12-24T07:26:43.897Z] INFO: Browser: chromium
[2024-12-24T07:26:44.651Z] INFO: Test environment: uat
[2024-12-24T07:26:44.653Z] INFO: Browser: chromium
[2024-12-24T07:27:00.030Z] INFO: Test environment: uat
[2024-12-24T07:27:00.032Z] INFO: Browser: chromium
[2024-12-24T07:27:02.560Z] INFO: Test environment: uat
[2024-12-24T07:27:02.562Z] INFO: Browser: chromium
[2024-12-24T07:27:05.013Z] INFO: Test environment: uat
[2024-12-24T07:27:05.015Z] INFO: Browser: chromium
[2024-12-24T07:27:05.762Z] INFO: Test environment: uat
[2024-12-24T07:27:05.764Z] INFO: Browser: chromium
[2024-12-24T07:27:19.145Z] INFO: Test environment: uat
[2024-12-24T07:27:19.147Z] INFO: Browser: chromium
[2024-12-24T07:27:22.704Z] INFO: Test environment: uat
[2024-12-24T07:27:22.706Z] INFO: Browser: chromium
[2024-12-24T07:27:23.449Z] INFO: Test environment: uat
[2024-12-24T07:27:23.451Z] INFO: Browser: chromium
[2024-12-24T07:27:32.536Z] INFO: Test environment: uat
[2024-12-24T07:27:32.538Z] INFO: Browser: chromium
[2024-12-24T07:27:33.219Z] INFO: Test environment: uat
[2024-12-24T07:27:33.221Z] INFO: Browser: chromium
[2024-12-24T07:27:36.070Z] INFO: Login to the application
[2024-12-24T07:27:40.953Z] INFO: Home Page elements visibility verified on load
[2024-12-24T07:27:44.404Z] INFO: Navigate to screen PRL210
[2024-12-24T07:27:44.881Z] INFO: Total Supplier Count=15
[2024-12-24T07:27:46.881Z] INFO: Supplier Name: YPO
[2024-12-24T07:27:47.177Z] INFO: Payment Methods 0 : BACS
[2024-12-24T07:27:47.177Z] INFO: Key-value- BACS:YPO
[2024-12-24T07:27:47.177Z] INFO: Iteration 0
[2024-12-24T07:27:50.748Z] INFO: Supplier Name: Sportscene
[2024-12-24T07:27:52.686Z] INFO: Payment Methods 1 : CHQ   
[2024-12-24T07:27:52.686Z] INFO: Iteration 1
[2024-12-24T07:28:02.731Z] INFO: Supplier Name: Digicom Computers
[2024-12-24T07:28:04.735Z] INFO: Payment Methods 2 : BACS  
[2024-12-24T07:28:04.735Z] INFO: Key-value- BACS:YPO,Digicom Computers
[2024-12-24T07:28:04.735Z] INFO: Iteration 2
[2024-12-24T07:28:07.089Z] INFO: supplist:YPO,Digicom Computers
[2024-12-24T07:28:07.089Z] INFO: Supplier: YPO
[2024-12-24T07:28:07.089Z] INFO: Supplier: Digicom Computers
[2024-12-24T07:28:07.089Z] INFO: fullpath: C://Users//Pruthviraj.Pardeshi//SIMS Finance -pw non cucumber//Test Files//chequeOrBacs24111258.TXT
[2024-12-24T07:28:27.244Z] INFO: Test environment: uat
[2024-12-24T07:28:27.247Z] INFO: Browser: chromium
[2024-12-24T07:28:29.545Z] INFO: Test environment: uat
[2024-12-24T07:28:29.548Z] INFO: Browser: chromium
[2024-12-24T07:28:40.754Z] INFO: Test environment: uat
[2024-12-24T07:28:40.757Z] INFO: Browser: chromium
[2024-12-24T07:28:41.531Z] INFO: Test environment: uat
[2024-12-24T07:28:41.533Z] INFO: Browser: chromium
[2024-12-24T08:39:21.180Z] INFO: Test environment: uat
[2024-12-24T08:39:21.182Z] INFO: Browser: chromium
[2024-12-24T08:39:21.874Z] INFO: Test environment: uat
[2024-12-24T08:39:21.877Z] INFO: Browser: chromium
[2024-12-24T08:39:29.192Z] INFO: Login to the application
[2024-12-24T08:39:32.969Z] INFO: Home Page elements visibility verified on load
[2024-12-24T08:39:43.510Z] INFO: Navigate to screen PRL210
[2024-12-24T08:39:44.131Z] INFO: Total Supplier Count=15
[2024-12-24T08:39:47.527Z] INFO: Test environment: uat
[2024-12-24T08:39:47.529Z] INFO: Browser: chromium
[2024-12-24T08:40:38.305Z] INFO: Test environment: uat
[2024-12-24T08:40:38.310Z] INFO: Browser: chromium
[2024-12-24T08:40:39.405Z] INFO: Test environment: uat
[2024-12-24T08:40:39.407Z] INFO: Browser: chromium
[2024-12-24T08:40:55.902Z] INFO: Test environment: uat
[2024-12-24T08:40:55.905Z] INFO: Browser: chromium
[2024-12-24T08:40:56.723Z] INFO: Test environment: uat
[2024-12-24T08:40:56.725Z] INFO: Browser: chromium
[2024-12-24T08:41:01.419Z] INFO: Login to the application
[2024-12-24T08:41:03.056Z] INFO: Home Page elements visibility verified on load
[2024-12-24T08:41:05.931Z] INFO: Navigate to screen PRL210
[2024-12-24T08:41:06.851Z] INFO: Total Supplier Count=15
[2024-12-24T08:41:08.640Z] INFO: Supplier Name: YPO
[2024-12-24T08:41:09.126Z] INFO: Payment Methods 0 : BACS
[2024-12-24T08:41:09.126Z] INFO: Key-value- BACS:YPO
[2024-12-24T08:41:09.126Z] INFO: Iteration 0
[2024-12-24T08:41:11.998Z] INFO: Supplier Name: Sportscene
[2024-12-24T08:41:12.266Z] INFO: Payment Methods 1 : CHQ
[2024-12-24T08:41:12.267Z] INFO: Iteration 1
[2024-12-24T08:41:15.016Z] INFO: Supplier Name: Digicom Computers
[2024-12-24T08:41:15.291Z] INFO: Payment Methods 2 : BACS
[2024-12-24T08:41:15.291Z] INFO: Key-value- BACS:YPO,Digicom Computers
[2024-12-24T08:41:15.291Z] INFO: Iteration 2
[2024-12-24T08:41:15.797Z] INFO: supplist:YPO,Digicom Computers
[2024-12-24T08:41:15.797Z] INFO: Supplier: YPO
[2024-12-24T08:41:15.797Z] INFO: Supplier: Digicom Computers
[2024-12-24T08:41:15.798Z] INFO: fullpath: C://Users//Pruthviraj.Pardeshi//SIMS Finance -pw non cucumber//Test Files//BACS24111411.TXT
[2024-12-24T08:41:57.927Z] INFO: Test environment: uat
[2024-12-24T08:41:57.930Z] INFO: Browser: chromium
[2024-12-24T08:41:59.966Z] INFO: Test environment: uat
[2024-12-24T08:41:59.970Z] INFO: Browser: chromium
[2024-12-24T08:42:00.735Z] INFO: Test environment: uat
[2024-12-24T08:42:00.737Z] INFO: Browser: chromium
[2024-12-24T08:42:03.015Z] INFO: Login to the application
[2024-12-24T08:42:08.092Z] INFO: Test environment: uat
[2024-12-24T08:42:08.094Z] INFO: Browser: chromium
[2024-12-24T08:42:09.928Z] INFO: Test environment: uat
[2024-12-24T08:42:09.930Z] INFO: Browser: chromium
[2024-12-24T08:42:10.698Z] INFO: Test environment: uat
[2024-12-24T08:42:10.700Z] INFO: Browser: chromium
[2024-12-24T08:42:12.815Z] INFO: Login to the application
[2024-12-24T08:42:15.422Z] INFO: Home Page elements visibility verified on load
[2024-12-24T08:42:18.514Z] INFO: Navigate to screen PRL210
[2024-12-24T08:42:19.570Z] INFO: Total Supplier Count=15
[2024-12-24T08:42:22.770Z] INFO: Supplier Name: YPO
[2024-12-24T08:42:23.047Z] INFO: Payment Methods 0 : BACS  
[2024-12-24T08:42:23.048Z] INFO: Key-value- BACS:YPO
[2024-12-24T08:42:23.048Z] INFO: Iteration 0
[2024-12-24T08:42:23.561Z] INFO: supplist:YPO
[2024-12-24T08:42:23.561Z] INFO: Supplier: YPO
[2024-12-24T08:42:23.562Z] INFO: fullpath: C://Users//Pruthviraj.Pardeshi//SIMS Finance -pw non cucumber//Test Files//BACS24111412.TXT
[2024-12-24T08:42:46.236Z] INFO: Test environment: uat
[2024-12-24T08:42:46.239Z] INFO: Browser: chromium
[2024-12-24T08:42:47.907Z] INFO: Test environment: uat
[2024-12-24T08:42:47.909Z] INFO: Browser: chromium
[2024-12-24T08:42:49.518Z] INFO: Test environment: uat
[2024-12-24T08:42:49.522Z] INFO: Browser: chromium
[2024-12-24T08:42:50.280Z] INFO: Test environment: uat
[2024-12-24T08:42:50.282Z] INFO: Browser: chromium
[2024-12-24T08:42:54.969Z] INFO: Login to the application
[2024-12-24T08:43:00.299Z] INFO: Home Page elements visibility verified on load
[2024-12-24T08:43:03.908Z] INFO: Navigate to screen PRL210
[2024-12-24T08:43:04.369Z] INFO: Total Supplier Count=15
[2024-12-24T08:43:07.803Z] INFO: Supplier Name: YPO
[2024-12-24T08:43:08.055Z] INFO: Payment Methods 0 : BACS  
[2024-12-24T08:43:08.055Z] INFO: Key-value- BACS:YPO
[2024-12-24T08:43:08.055Z] INFO: Iteration 0
[2024-12-24T08:43:08.567Z] INFO: supplist:YPO
[2024-12-24T08:43:08.567Z] INFO: Supplier: YPO
[2024-12-24T08:43:08.568Z] INFO: fullpath: C://Users//Pruthviraj.Pardeshi//SIMS Finance -pw non cucumber//Test Files//BACS24111413.TXT
[2024-12-24T08:43:31.338Z] INFO: Test environment: uat
[2024-12-24T08:43:31.341Z] INFO: Browser: chromium
[2024-12-24T08:43:32.381Z] INFO: Test environment: uat
[2024-12-24T08:43:32.383Z] INFO: Browser: chromium
[2024-12-24T08:43:37.385Z] INFO: Test environment: uat
[2024-12-24T08:43:37.388Z] INFO: Browser: chromium
[2024-12-24T08:43:38.131Z] INFO: Test environment: uat
[2024-12-24T08:43:38.133Z] INFO: Browser: chromium
[2024-12-24T08:43:40.356Z] INFO: Login to the application
[2024-12-24T08:43:42.934Z] INFO: Home Page elements visibility verified on load
[2024-12-24T08:43:45.789Z] INFO: Navigate to screen PRL210
[2024-12-24T08:43:46.807Z] INFO: Total Supplier Count=15
[2024-12-24T08:43:48.919Z] INFO: Supplier Name: YPO
[2024-12-24T08:43:49.179Z] INFO: Payment Methods 0 : BACS
[2024-12-24T08:43:49.180Z] INFO: Key-value- BACS:YPO
[2024-12-24T08:43:49.180Z] INFO: Iteration 0
[2024-12-24T08:43:49.704Z] INFO: supplist:YPO
[2024-12-24T08:43:49.705Z] INFO: Supplier: YPO
[2024-12-24T08:43:49.705Z] INFO: fullpath: C:\Users\Pruthviraj.Pardeshi\SIMS Finance -pw non cucumber\Test Files\BACS24111413.TXT
[2024-12-24T08:44:25.226Z] INFO: Test environment: uat
[2024-12-24T08:44:25.229Z] INFO: Browser: chromium
[2024-12-24T08:44:28.241Z] INFO: Test environment: uat
[2024-12-24T08:44:28.243Z] INFO: Browser: chromium
[2024-12-24T08:44:30.332Z] INFO: Test environment: uat
[2024-12-24T08:44:30.335Z] INFO: Browser: chromium
[2024-12-24T08:44:31.137Z] INFO: Test environment: uat
[2024-12-24T08:44:31.139Z] INFO: Browser: chromium
[2024-12-24T08:44:33.341Z] INFO: Login to the application
[2024-12-24T08:44:35.742Z] INFO: Home Page elements visibility verified on load
[2024-12-24T08:44:38.610Z] INFO: Navigate to screen PRL210
[2024-12-24T08:44:39.915Z] INFO: Total Supplier Count=15
[2024-12-24T08:44:43.113Z] INFO: Supplier Name: YPO
[2024-12-24T08:44:43.357Z] INFO: Payment Methods 0 : BACS  
[2024-12-24T08:44:43.357Z] INFO: Key-value- BACS:YPO
[2024-12-24T08:44:43.357Z] INFO: Iteration 0
[2024-12-24T08:44:43.870Z] INFO: supplist:YPO
[2024-12-24T08:44:43.870Z] INFO: Supplier: YPO
[2024-12-24T08:44:43.870Z] INFO: fullpath: Test Files\BACS24111414.TXT
[2024-12-24T08:45:06.232Z] INFO: Test environment: uat
[2024-12-24T08:45:06.234Z] INFO: Browser: chromium
[2024-12-24T08:45:08.363Z] INFO: Test environment: uat
[2024-12-24T08:45:08.367Z] INFO: Browser: chromium
[2024-12-24T08:45:12.723Z] INFO: Test environment: uat
[2024-12-24T08:45:12.726Z] INFO: Browser: chromium
[2024-12-24T08:45:20.764Z] INFO: Test environment: uat
[2024-12-24T08:45:20.766Z] INFO: Browser: chromium
[2024-12-24T08:45:30.854Z] INFO: Test environment: uat
[2024-12-24T08:45:30.856Z] INFO: Browser: chromium
[2024-12-24T08:45:35.789Z] INFO: Test environment: uat
[2024-12-24T08:45:35.791Z] INFO: Browser: chromium
[2024-12-24T08:45:51.576Z] INFO: Test environment: uat
[2024-12-24T08:45:51.578Z] INFO: Browser: chromium
[2024-12-24T08:45:53.211Z] INFO: Test environment: uat
[2024-12-24T08:45:53.213Z] INFO: Browser: chromium
[2024-12-24T08:45:53.997Z] INFO: Test environment: uat
[2024-12-24T08:45:53.999Z] INFO: Browser: chromium
[2024-12-24T08:46:03.552Z] INFO: Test environment: uat
[2024-12-24T08:46:03.555Z] INFO: Browser: chromium
[2024-12-24T08:46:04.367Z] INFO: Test environment: uat
[2024-12-24T08:46:04.369Z] INFO: Browser: chromium
[2024-12-24T08:46:07.156Z] INFO: Login to the application
[2024-12-24T08:46:08.973Z] INFO: Home Page elements visibility verified on load
[2024-12-24T08:46:12.119Z] INFO: Navigate to screen PRL210
[2024-12-24T08:46:12.729Z] INFO: Total Supplier Count=15
[2024-12-24T08:46:15.230Z] INFO: Supplier Name: YPO
[2024-12-24T08:46:15.536Z] INFO: Payment Methods 0 : BACS
[2024-12-24T08:46:15.536Z] INFO: Key-value- BACS:YPO
[2024-12-24T08:46:15.536Z] INFO: Iteration 0
[2024-12-24T08:46:16.080Z] INFO: supplist:YPO
[2024-12-24T08:46:16.080Z] INFO: Supplier: YPO
[2024-12-24T08:46:16.081Z] INFO: fullpath: Test Files\BACS24111416.TXT
[2024-12-24T08:46:41.889Z] INFO: Test environment: uat
[2024-12-24T08:46:41.891Z] INFO: Browser: chromium
[2024-12-24T08:46:43.055Z] INFO: Test environment: uat
[2024-12-24T08:46:43.057Z] INFO: Browser: chromium
[2024-12-24T08:46:45.201Z] INFO: Test environment: uat
[2024-12-24T08:46:45.203Z] INFO: Browser: chromium
[2024-12-24T08:46:47.661Z] INFO: Test environment: uat
[2024-12-24T08:46:47.663Z] INFO: Browser: chromium
[2024-12-24T08:46:49.211Z] INFO: Test environment: uat
[2024-12-24T08:46:49.213Z] INFO: Browser: chromium
[2024-12-24T08:46:50.308Z] INFO: Test environment: uat
[2024-12-24T08:46:50.310Z] INFO: Browser: chromium
[2024-12-24T08:47:00.371Z] INFO: Test environment: uat
[2024-12-24T08:47:00.374Z] INFO: Browser: chromium
[2024-12-24T08:47:19.772Z] INFO: Test environment: uat
[2024-12-24T08:47:19.774Z] INFO: Browser: chromium
[2024-12-24T08:47:23.049Z] INFO: Test environment: uat
[2024-12-24T08:47:23.052Z] INFO: Browser: chromium
[2024-12-24T08:47:29.003Z] INFO: Test environment: uat
[2024-12-24T08:47:29.006Z] INFO: Browser: chromium
[2024-12-24T08:47:29.885Z] INFO: Test environment: uat
[2024-12-24T08:47:29.888Z] INFO: Browser: chromium
[2024-12-24T08:47:35.748Z] INFO: Test environment: uat
[2024-12-24T08:47:35.751Z] INFO: Browser: chromium
[2024-12-24T08:47:36.504Z] INFO: Test environment: uat
[2024-12-24T08:47:36.506Z] INFO: Browser: chromium
[2024-12-24T08:47:38.742Z] INFO: Login to the application
[2024-12-24T08:47:41.168Z] INFO: Home Page elements visibility verified on load
[2024-12-24T08:47:44.989Z] INFO: Navigate to screen PRL210
[2024-12-24T08:47:45.646Z] INFO: Total Supplier Count=15
[2024-12-24T08:47:48.811Z] INFO: Supplier Name: YPO
[2024-12-24T08:47:49.064Z] INFO: Payment Methods 0 : BACS  
[2024-12-24T08:47:49.064Z] INFO: Key-value- BACS:YPO
[2024-12-24T08:47:49.064Z] INFO: Iteration 0
[2024-12-24T08:47:49.541Z] INFO: supplist:YPO
[2024-12-24T08:47:49.541Z] INFO: Supplier: YPO
[2024-12-24T08:47:49.542Z] INFO: fullpath: C:\Users\Pruthviraj.Pardeshi\SIMS Finance -pw non cucumber\Test Files\BACS24111417.TXT
[2024-12-24T08:48:54.441Z] INFO: Test environment: uat
[2024-12-24T08:48:54.443Z] INFO: Browser: chromium
[2024-12-24T08:49:46.504Z] INFO: Test environment: uat
[2024-12-24T08:49:46.506Z] INFO: Browser: chromium
[2024-12-24T08:49:56.145Z] INFO: Test environment: uat
[2024-12-24T08:49:56.147Z] INFO: Browser: chromium
[2024-12-24T08:49:57.412Z] INFO: Test environment: uat
[2024-12-24T08:49:57.415Z] INFO: Browser: chromium
[2024-12-24T08:50:52.333Z] INFO: Test environment: uat
[2024-12-24T08:50:52.335Z] INFO: Browser: chromium
[2024-12-24T08:50:54.527Z] INFO: Test environment: uat
[2024-12-24T08:50:54.529Z] INFO: Browser: chromium
[2024-12-24T08:50:55.887Z] INFO: Test environment: uat
[2024-12-24T08:50:55.889Z] INFO: Browser: chromium
[2024-12-24T08:50:56.936Z] INFO: Test environment: uat
[2024-12-24T08:50:56.938Z] INFO: Browser: chromium
[2024-12-24T08:50:57.769Z] INFO: Test environment: uat
[2024-12-24T08:50:57.771Z] INFO: Browser: chromium
[2024-12-24T08:50:58.670Z] INFO: Test environment: uat
[2024-12-24T08:50:58.672Z] INFO: Browser: chromium
[2024-12-24T08:51:22.392Z] INFO: Test environment: uat
[2024-12-24T08:51:22.394Z] INFO: Browser: chromium
[2024-12-24T08:51:26.161Z] INFO: Test environment: uat
[2024-12-24T08:51:26.163Z] INFO: Browser: chromium
[2024-12-24T08:51:32.425Z] INFO: Test environment: uat
[2024-12-24T08:51:32.428Z] INFO: Browser: chromium
[2024-12-24T08:51:33.206Z] INFO: Test environment: uat
[2024-12-24T08:51:33.209Z] INFO: Browser: chromium
[2024-12-24T08:51:49.215Z] INFO: Login to the application
[2024-12-24T08:52:01.604Z] INFO: Home Page elements visibility verified on load
[2024-12-24T08:52:17.199Z] INFO: Navigate to screen PRL210
[2024-12-24T08:52:23.514Z] INFO: Total Supplier Count=15
[2024-12-24T08:52:32.172Z] INFO: Supplier Name: YPO
[2024-12-24T08:52:34.724Z] INFO: Payment Methods 0 : BACS
[2024-12-24T08:52:34.724Z] INFO: Key-value- BACS:YPO
[2024-12-24T08:52:34.724Z] INFO: Iteration 0
[2024-12-24T08:52:52.343Z] INFO: supplist:YPO
[2024-12-24T08:52:52.344Z] INFO: Supplier: YPO
[2024-12-24T08:52:52.345Z] INFO: fullpath: C:\Users\Pruthviraj.Pardeshi\SIMS Finance -pw non cucumber\Test Files\BACS24111422.TXT
[2024-12-24T09:51:53.034Z] INFO: Test environment: uat
[2024-12-24T09:51:53.036Z] INFO: Browser: chromium
[2024-12-24T09:51:54.060Z] INFO: Test environment: uat
[2024-12-24T09:51:54.062Z] INFO: Browser: chromium
[2024-12-24T09:52:09.377Z] INFO: Test environment: uat
[2024-12-24T09:52:09.379Z] INFO: Browser: chromium
[2024-12-24T09:52:10.133Z] INFO: Test environment: uat
[2024-12-24T09:52:10.136Z] INFO: Browser: chromium
[2024-12-24T09:52:14.499Z] INFO: Login to the application
[2024-12-24T09:52:16.637Z] INFO: Home Page elements visibility verified on load
[2024-12-24T09:52:21.764Z] INFO: Navigate to screen PRL210
[2024-12-24T09:52:22.308Z] INFO: Total Supplier Count=15
[2024-12-24T09:52:26.830Z] INFO: Supplier Name: YPO
[2024-12-24T09:52:27.122Z] INFO: Payment Methods 0 : BACS  
[2024-12-24T09:52:27.122Z] INFO: Key-value- BACS:YPO
[2024-12-24T09:52:27.122Z] INFO: Iteration 0
[2024-12-24T09:52:27.664Z] INFO: supplist:YPO
[2024-12-24T09:52:27.664Z] INFO: Supplier: YPO
[2024-12-24T09:52:27.664Z] INFO: fullpath: C:\Users\Pruthviraj.Pardeshi\SIMS Finance -pw non cucumber\src\tests\Test Files\BACS24111522.TXT
[2024-12-24T09:52:51.849Z] INFO: Test environment: uat
[2024-12-24T09:52:51.851Z] INFO: Browser: chromium
[2024-12-24T09:52:54.561Z] INFO: Test environment: uat
[2024-12-24T09:52:54.563Z] INFO: Browser: chromium
[2024-12-24T09:52:56.478Z] INFO: Test environment: uat
[2024-12-24T09:52:56.480Z] INFO: Browser: chromium
[2024-12-24T09:53:08.790Z] INFO: Test environment: uat
[2024-12-24T09:53:08.793Z] INFO: Browser: chromium
[2024-12-24T09:53:09.522Z] INFO: Test environment: uat
[2024-12-24T09:53:09.524Z] INFO: Browser: chromium
[2024-12-24T09:53:11.682Z] INFO: Login to the application
[2024-12-24T09:53:13.869Z] INFO: Home Page elements visibility verified on load
[2024-12-24T09:53:17.115Z] INFO: Navigate to screen PRL210
[2024-12-24T09:53:18.123Z] INFO: Total Supplier Count=15
[2024-12-24T09:53:21.754Z] INFO: Supplier Name: YPO
[2024-12-24T09:53:22.045Z] INFO: Payment Methods 0 : BACS  
[2024-12-24T09:53:22.045Z] INFO: Key-value- BACS:YPO
[2024-12-24T09:53:22.045Z] INFO: Iteration 0
[2024-12-24T09:53:22.581Z] INFO: supplist:YPO
[2024-12-24T09:53:22.581Z] INFO: Supplier: YPO
[2024-12-24T09:53:22.581Z] INFO: fullpath: ..\..\C:\Users\Pruthviraj.Pardeshi\SIMS Finance -pw non cucumber\src\tests\Test Files\BACS24111523.TXT
[2024-12-24T09:53:42.902Z] INFO: Test environment: uat
[2024-12-24T09:53:42.905Z] INFO: Browser: chromium
[2024-12-24T09:53:51.440Z] INFO: Test environment: uat
[2024-12-24T09:53:51.443Z] INFO: Browser: chromium
[2024-12-24T09:53:53.271Z] INFO: Test environment: uat
[2024-12-24T09:53:53.273Z] INFO: Browser: chromium
[2024-12-24T09:53:55.515Z] INFO: Test environment: uat
[2024-12-24T09:53:55.517Z] INFO: Browser: chromium
[2024-12-24T09:53:56.293Z] INFO: Test environment: uat
[2024-12-24T09:53:56.295Z] INFO: Browser: chromium
[2024-12-24T09:54:06.472Z] INFO: Test environment: uat
[2024-12-24T09:54:06.475Z] INFO: Browser: chromium
[2024-12-24T09:54:10.257Z] INFO: Test environment: uat
[2024-12-24T09:54:10.259Z] INFO: Browser: chromium
[2024-12-24T09:54:17.292Z] INFO: Test environment: uat
[2024-12-24T09:54:17.294Z] INFO: Browser: chromium
[2024-12-24T09:54:18.049Z] INFO: Test environment: uat
[2024-12-24T09:54:18.051Z] INFO: Browser: chromium
[2024-12-24T09:54:20.221Z] INFO: Login to the application
[2024-12-24T09:54:22.948Z] INFO: Home Page elements visibility verified on load
[2024-12-24T09:54:25.999Z] INFO: Navigate to screen PRL210
[2024-12-24T09:54:26.884Z] INFO: Total Supplier Count=15
[2024-12-24T09:54:30.665Z] INFO: Supplier Name: YPO
[2024-12-24T09:54:30.960Z] INFO: Payment Methods 0 : BACS  
[2024-12-24T09:54:30.960Z] INFO: Key-value- BACS:YPO
[2024-12-24T09:54:30.960Z] INFO: Iteration 0
[2024-12-24T09:54:31.553Z] INFO: supplist:YPO
[2024-12-24T09:54:31.553Z] INFO: Supplier: YPO
[2024-12-24T09:54:31.553Z] INFO: fullpath: C:\Users\Pruthviraj.Pardeshi\SIMS Finance -pw non cucumber\Test Files\BACS24111524.TXT
[2024-12-24T09:54:57.984Z] INFO: Test environment: uat
[2024-12-24T09:54:57.987Z] INFO: Browser: chromium
[2024-12-24T09:55:01.035Z] INFO: Test environment: uat
[2024-12-24T09:55:01.038Z] INFO: Browser: chromium
[2024-12-24T09:55:02.412Z] INFO: Test environment: uat
[2024-12-24T09:55:02.415Z] INFO: Browser: chromium
[2024-12-24T09:55:04.952Z] INFO: Test environment: uat
[2024-12-24T09:55:04.955Z] INFO: Browser: chromium
[2024-12-24T09:55:05.719Z] INFO: Test environment: uat
[2024-12-24T09:55:05.721Z] INFO: Browser: chromium
[2024-12-24T09:55:07.830Z] INFO: Login to the application
[2024-12-24T09:55:09.767Z] INFO: Home Page elements visibility verified on load
[2024-12-24T09:55:12.813Z] INFO: Navigate to screen PRL210
[2024-12-24T09:55:13.740Z] INFO: Total Supplier Count=15
[2024-12-24T09:55:17.480Z] INFO: Supplier Name: YPO
[2024-12-24T09:55:17.889Z] INFO: Payment Methods 0 : BACS  
[2024-12-24T09:55:17.890Z] INFO: Key-value- BACS:YPO
[2024-12-24T09:55:17.890Z] INFO: Iteration 0
[2024-12-24T09:55:18.411Z] INFO: supplist:YPO
[2024-12-24T09:55:18.411Z] INFO: Supplier: YPO
[2024-12-24T09:55:18.412Z] INFO: fullpath: C:\Users\Pruthviraj.Pardeshi\SIMS Finance -pw non cucumber\Test Files\BACS24111525.TXT
[2024-12-24T09:56:18.629Z] INFO: Test environment: uat
[2024-12-24T09:56:18.631Z] INFO: Browser: chromium
[2024-12-24T09:56:19.819Z] INFO: Test environment: uat
[2024-12-24T09:56:19.821Z] INFO: Browser: chromium
[2024-12-24T09:56:30.963Z] INFO: Test environment: uat
[2024-12-24T09:56:30.965Z] INFO: Browser: chromium
[2024-12-24T09:56:32.441Z] INFO: Test environment: uat
[2024-12-24T09:56:32.443Z] INFO: Browser: chromium
[2024-12-24T09:56:33.514Z] INFO: Test environment: uat
[2024-12-24T09:56:33.516Z] INFO: Browser: chromium
[2024-12-24T09:56:39.563Z] INFO: Test environment: uat
[2024-12-24T09:56:39.566Z] INFO: Browser: chromium
[2024-12-24T09:56:40.334Z] INFO: Test environment: uat
[2024-12-24T09:56:40.336Z] INFO: Browser: chromium
[2024-12-24T09:56:43.231Z] INFO: Login to the application
[2024-12-24T09:56:44.714Z] INFO: Home Page elements visibility verified on load
[2024-12-24T09:56:48.250Z] INFO: Navigate to screen PRL210
[2024-12-24T09:56:49.314Z] INFO: Total Supplier Count=15
[2024-12-24T09:56:52.951Z] INFO: Supplier Name: YPO
[2024-12-24T09:56:53.231Z] INFO: Payment Methods 0 : BACS  
[2024-12-24T09:56:53.231Z] INFO: Key-value- BACS:YPO
[2024-12-24T09:56:53.231Z] INFO: Iteration 0
[2024-12-24T09:56:53.719Z] INFO: supplist:YPO
[2024-12-24T09:56:53.719Z] INFO: Supplier: YPO
[2024-12-24T09:56:53.719Z] INFO: fullpath: C:\Users\Pruthviraj.Pardeshi\SIMS Finance -pw non cucumber\Test Files\BACS\24111526.TXT
[2024-12-24T09:58:57.611Z] INFO: Test environment: uat
[2024-12-24T09:58:57.615Z] INFO: Browser: chromium
[2024-12-24T09:58:59.093Z] INFO: Test environment: uat
[2024-12-24T09:58:59.097Z] INFO: Browser: chromium
[2024-12-24T09:59:02.236Z] INFO: Test environment: uat
[2024-12-24T09:59:02.240Z] INFO: Browser: chromium
[2024-12-24T09:59:04.831Z] INFO: Test environment: uat
[2024-12-24T09:59:04.835Z] INFO: Browser: chromium
[2024-12-24T09:59:08.031Z] INFO: Test environment: uat
[2024-12-24T09:59:08.034Z] INFO: Browser: chromium
[2024-12-24T09:59:11.055Z] INFO: Test environment: uat
[2024-12-24T09:59:11.059Z] INFO: Browser: chromium
[2024-12-24T09:59:13.242Z] INFO: Test environment: uat
[2024-12-24T09:59:13.247Z] INFO: Browser: chromium
[2024-12-24T09:59:14.682Z] INFO: Test environment: uat
[2024-12-24T09:59:14.687Z] INFO: Browser: chromium
[2024-12-24T09:59:16.049Z] INFO: Test environment: uat
[2024-12-24T09:59:16.053Z] INFO: Browser: chromium
[2024-12-24T09:59:18.944Z] INFO: Test environment: uat
[2024-12-24T09:59:18.948Z] INFO: Browser: chromium
[2024-12-24T09:59:20.337Z] INFO: Test environment: uat
[2024-12-24T09:59:20.340Z] INFO: Browser: chromium
[2024-12-24T09:59:21.862Z] INFO: Test environment: uat
[2024-12-24T09:59:21.865Z] INFO: Browser: chromium
[2024-12-24T09:59:23.505Z] INFO: Test environment: uat
[2024-12-24T09:59:23.508Z] INFO: Browser: chromium
[2024-12-24T09:59:29.806Z] INFO: Test environment: uat
[2024-12-24T09:59:29.809Z] INFO: Browser: chromium
[2024-12-24T09:59:31.352Z] INFO: Test environment: uat
[2024-12-24T09:59:31.357Z] INFO: Browser: chromium
[2024-12-24T09:59:32.772Z] INFO: Test environment: uat
[2024-12-24T09:59:32.775Z] INFO: Browser: chromium
[2024-12-24T09:59:34.191Z] INFO: Test environment: uat
[2024-12-24T09:59:34.195Z] INFO: Browser: chromium
[2024-12-24T09:59:41.199Z] INFO: Test environment: uat
[2024-12-24T09:59:41.204Z] INFO: Browser: chromium
[2024-12-24T09:59:42.957Z] INFO: Test environment: uat
[2024-12-24T09:59:42.962Z] INFO: Browser: chromium
[2024-12-24T09:59:49.362Z] INFO: Test environment: uat
[2024-12-24T09:59:49.366Z] INFO: Browser: chromium
[2024-12-24T09:59:50.525Z] INFO: Test environment: uat
[2024-12-24T09:59:50.530Z] INFO: Browser: chromium
[2024-12-24T09:59:53.938Z] INFO: Login to the application
[2024-12-24T09:59:56.197Z] INFO: Home Page elements visibility verified on load
[2024-12-24T10:00:00.429Z] INFO: Navigate to screen PRL210
[2024-12-24T10:00:01.178Z] INFO: Total Supplier Count=15
[2024-12-24T10:00:05.990Z] INFO: Supplier Name: YPO
[2024-12-24T10:00:06.332Z] INFO: Payment Methods 0 : BACS  
[2024-12-24T10:00:06.333Z] INFO: Key-value- BACS:YPO
[2024-12-24T10:00:06.333Z] INFO: Iteration 0
[2024-12-24T10:00:06.910Z] INFO: supplist:YPO
[2024-12-24T10:00:06.910Z] INFO: Supplier: YPO
[2024-12-24T10:00:06.912Z] INFO: fullpath: C:\Users\Pruthviraj.Pardeshi\SIMS Finance -pw non cucumber\Test Files\BACS24111530.TXT
[2024-12-24T11:51:06.757Z] INFO: Test environment: uat
[2024-12-24T11:51:06.762Z] INFO: Browser: chromium
[2024-12-24T11:52:40.877Z] INFO: Test environment: uat
[2024-12-24T11:52:40.880Z] INFO: Browser: chromium
[2024-12-24T11:53:01.137Z] INFO: Test environment: uat
[2024-12-24T11:53:01.140Z] INFO: Browser: chromium
[2024-12-24T11:53:15.864Z] INFO: Test environment: uat
[2024-12-24T11:53:15.868Z] INFO: Browser: chromium
[2024-12-24T11:53:17.304Z] INFO: Test environment: uat
[2024-12-24T11:53:17.308Z] INFO: Browser: chromium
[2024-12-24T11:53:19.464Z] INFO: Test environment: uat
[2024-12-24T11:53:19.468Z] INFO: Browser: chromium
[2024-12-24T11:53:31.015Z] INFO: Test environment: uat
[2024-12-24T11:53:31.018Z] INFO: Browser: chromium
[2024-12-24T11:53:37.311Z] INFO: Test environment: uat
[2024-12-24T11:53:37.314Z] INFO: Browser: chromium
[2024-12-24T11:53:54.002Z] INFO: Test environment: uat
[2024-12-24T11:53:54.005Z] INFO: Browser: chromium
[2024-12-24T11:53:56.005Z] INFO: Test environment: uat
[2024-12-24T11:53:56.010Z] INFO: Browser: chromium
[2024-12-24T11:53:57.580Z] INFO: Test environment: uat
[2024-12-24T11:53:57.586Z] INFO: Browser: chromium
[2024-12-24T11:54:01.290Z] INFO: Test environment: uat
[2024-12-24T11:54:01.293Z] INFO: Browser: chromium
[2024-12-24T11:54:26.286Z] INFO: Test environment: uat
[2024-12-24T11:54:26.290Z] INFO: Browser: chromium
[2024-12-24T11:54:28.471Z] INFO: Test environment: uat
[2024-12-24T11:54:28.476Z] INFO: Browser: chromium
[2024-12-24T11:54:30.099Z] INFO: Test environment: uat
[2024-12-24T11:54:30.103Z] INFO: Browser: chromium
[2024-12-24T11:54:35.742Z] INFO: Test environment: uat
[2024-12-24T11:54:35.746Z] INFO: Browser: chromium
[2024-12-24T11:54:49.684Z] INFO: Test environment: uat
[2024-12-24T11:54:49.687Z] INFO: Browser: chromium
[2024-12-24T11:54:52.671Z] INFO: Test environment: uat
[2024-12-24T11:54:52.674Z] INFO: Browser: chromium
[2024-12-24T11:54:56.200Z] INFO: Test environment: uat
[2024-12-24T11:54:56.204Z] INFO: Browser: chromium
[2024-12-24T11:55:00.364Z] INFO: Test environment: uat
[2024-12-24T11:55:00.367Z] INFO: Browser: chromium
[2024-12-24T11:55:14.814Z] INFO: Test environment: uat
[2024-12-24T11:55:14.818Z] INFO: Browser: chromium
[2024-12-24T11:55:24.399Z] INFO: Test environment: uat
[2024-12-24T11:55:24.405Z] INFO: Browser: chromium
[2024-12-24T11:55:25.626Z] INFO: Test environment: uat
[2024-12-24T11:55:25.630Z] INFO: Browser: chromium
[2024-12-24T11:55:42.637Z] INFO: Test environment: uat
[2024-12-24T11:55:42.641Z] INFO: Browser: chromium
[2024-12-24T11:55:44.191Z] INFO: Test environment: uat
[2024-12-24T11:55:44.195Z] INFO: Browser: chromium
[2024-12-24T11:55:45.515Z] INFO: Test environment: uat
[2024-12-24T11:55:45.520Z] INFO: Browser: chromium
[2024-12-24T11:55:46.876Z] INFO: Test environment: uat
[2024-12-24T11:55:46.881Z] INFO: Browser: chromium
[2024-12-24T11:55:48.539Z] INFO: Test environment: uat
[2024-12-24T11:55:48.543Z] INFO: Browser: chromium
[2024-12-24T11:55:50.061Z] INFO: Test environment: uat
[2024-12-24T11:55:50.064Z] INFO: Browser: chromium
[2024-12-24T11:55:57.156Z] INFO: Test environment: uat
[2024-12-24T11:55:57.159Z] INFO: Browser: chromium
[2024-12-24T11:55:58.830Z] INFO: Test environment: uat
[2024-12-24T11:55:58.834Z] INFO: Browser: chromium
[2024-12-24T11:56:00.084Z] INFO: Test environment: uat
[2024-12-24T11:56:00.087Z] INFO: Browser: chromium
[2024-12-24T11:56:22.099Z] INFO: Test environment: uat
[2024-12-24T11:56:22.104Z] INFO: Browser: chromium
[2024-12-24T11:56:23.180Z] INFO: Test environment: uat
[2024-12-24T11:56:23.183Z] INFO: Browser: chromium
[2024-12-24T11:56:26.724Z] INFO: Login to the application
[2024-12-24T11:56:29.990Z] INFO: Home Page elements visibility verified on load
[2024-12-24T11:56:33.796Z] INFO: Navigate to screen PRL210
[2024-12-24T11:56:37.173Z] INFO: Total Supplier Count=15
[2024-12-24T11:56:42.361Z] INFO: Supplier Name: YPO
[2024-12-24T11:56:42.780Z] INFO: Payment Methods 0 : BACS  
[2024-12-24T11:56:42.780Z] INFO: Key-value- BACS:YPO
[2024-12-24T11:56:42.780Z] INFO: Iteration 0
[2024-12-24T11:56:43.416Z] INFO: supplist:YPO
[2024-12-24T11:56:43.416Z] INFO: Supplier: YPO
[2024-12-24T11:58:26.703Z] INFO: Test environment: uat
[2024-12-24T11:58:26.707Z] INFO: Browser: chromium
[2024-12-24T11:58:31.315Z] INFO: Test environment: uat
[2024-12-24T11:58:31.320Z] INFO: Browser: chromium
[2024-12-24T11:58:32.823Z] INFO: Test environment: uat
[2024-12-24T11:58:32.826Z] INFO: Browser: chromium
[2024-12-24T11:58:35.905Z] INFO: Test environment: uat
[2024-12-24T11:58:35.910Z] INFO: Browser: chromium
[2024-12-24T11:58:37.114Z] INFO: Test environment: uat
[2024-12-24T11:58:37.119Z] INFO: Browser: chromium
[2024-12-24T11:58:39.976Z] INFO: Login to the application
[2024-12-24T11:58:43.009Z] INFO: Home Page elements visibility verified on load
[2024-12-24T11:58:46.658Z] INFO: Navigate to screen PRL210
[2024-12-24T11:58:47.286Z] INFO: Total Supplier Count=15
[2024-12-24T11:58:52.540Z] INFO: Supplier Name: YPO
[2024-12-24T11:58:53.015Z] INFO: Payment Methods 0 : BACS  
[2024-12-24T11:58:53.015Z] INFO: Key-value- BACS:YPO
[2024-12-24T11:58:53.016Z] INFO: Iteration 0
[2024-12-24T11:58:53.608Z] INFO: supplist:YPO
[2024-12-24T11:58:53.608Z] INFO: Supplier: YPO
[2024-12-24T11:59:38.283Z] INFO: Test environment: uat
[2024-12-24T11:59:38.286Z] INFO: Browser: chromium
[2024-12-24T11:59:58.006Z] INFO: Test environment: uat
[2024-12-24T11:59:58.010Z] INFO: Browser: chromium
[2024-12-24T11:59:59.210Z] INFO: Test environment: uat
[2024-12-24T11:59:59.215Z] INFO: Browser: chromium
[2024-12-24T12:00:01.930Z] INFO: Login to the application
[2024-12-24T12:00:04.344Z] INFO: Home Page elements visibility verified on load
[2024-12-24T12:00:07.798Z] INFO: Navigate to screen PRL210
[2024-12-24T12:00:09.210Z] INFO: Total Supplier Count=15
[2024-12-24T12:00:13.903Z] INFO: Supplier Name: YPO
[2024-12-24T12:00:14.240Z] INFO: Payment Methods 0 : BACS  
[2024-12-24T12:00:14.240Z] INFO: Key-value- BACS:YPO
[2024-12-24T12:00:14.240Z] INFO: Iteration 0
[2024-12-24T12:00:14.795Z] INFO: supplist:YPO
[2024-12-24T12:00:14.795Z] INFO: Supplier: YPO
[2024-12-24T12:02:11.273Z] INFO: Test environment: uat
[2024-12-24T12:02:11.276Z] INFO: Browser: chromium
[2024-12-24T12:02:12.801Z] INFO: Test environment: uat
[2024-12-24T12:02:12.806Z] INFO: Browser: chromium
[2024-12-24T12:02:24.377Z] INFO: Test environment: uat
[2024-12-24T12:02:24.380Z] INFO: Browser: chromium
[2024-12-24T12:02:26.012Z] INFO: Test environment: uat
[2024-12-24T12:02:26.015Z] INFO: Browser: chromium
[2024-12-24T12:02:29.725Z] INFO: Test environment: uat
[2024-12-24T12:02:29.729Z] INFO: Browser: chromium
[2024-12-24T12:02:34.560Z] INFO: Test environment: uat
[2024-12-24T12:02:34.564Z] INFO: Browser: chromium
[2024-12-24T12:02:36.277Z] INFO: Test environment: uat
[2024-12-24T12:02:36.281Z] INFO: Browser: chromium
[2024-12-24T12:02:40.942Z] INFO: Test environment: uat
[2024-12-24T12:02:40.947Z] INFO: Browser: chromium
[2024-12-24T12:02:42.122Z] INFO: Test environment: uat
[2024-12-24T12:02:42.124Z] INFO: Browser: chromium
[2024-12-24T12:02:44.821Z] INFO: Login to the application
[2024-12-24T12:02:47.201Z] INFO: Home Page elements visibility verified on load
[2024-12-24T12:02:50.196Z] INFO: Navigate to screen PRL210
[2024-12-24T12:02:51.409Z] INFO: Total Supplier Count=15
[2024-12-24T12:02:56.326Z] INFO: Supplier Name: YPO
[2024-12-24T12:02:56.709Z] INFO: Payment Methods 0 : BACS  
[2024-12-24T12:02:56.710Z] INFO: Key-value- BACS:YPO
[2024-12-24T12:02:56.710Z] INFO: Iteration 0
[2024-12-24T12:02:57.272Z] INFO: supplist:YPO
[2024-12-24T12:02:57.272Z] INFO: Supplier: YPO
[2024-12-24T12:03:48.467Z] INFO: Test environment: uat
[2024-12-24T12:03:48.471Z] INFO: Browser: chromium
[2024-12-24T12:03:49.741Z] INFO: Test environment: uat
[2024-12-24T12:03:49.744Z] INFO: Browser: chromium
[2024-12-24T12:03:52.529Z] INFO: Test environment: uat
[2024-12-24T12:03:52.532Z] INFO: Browser: chromium
[2024-12-24T12:04:00.557Z] INFO: Test environment: uat
[2024-12-24T12:04:00.561Z] INFO: Browser: chromium
[2024-12-24T12:04:03.390Z] INFO: Test environment: uat
[2024-12-24T12:04:03.395Z] INFO: Browser: chromium
[2024-12-24T12:04:10.952Z] INFO: Test environment: uat
[2024-12-24T12:04:10.955Z] INFO: Browser: chromium
[2024-12-24T12:04:12.075Z] INFO: Test environment: uat
[2024-12-24T12:04:12.080Z] INFO: Browser: chromium
[2024-12-24T12:04:14.895Z] INFO: Login to the application
[2024-12-24T12:04:17.221Z] INFO: Home Page elements visibility verified on load
[2024-12-24T12:04:21.348Z] INFO: Navigate to screen PRL210
[2024-12-24T12:04:21.961Z] INFO: Total Supplier Count=15
[2024-12-24T12:04:26.980Z] INFO: Supplier Name: YPO
[2024-12-24T12:04:27.366Z] INFO: Payment Methods 0 : BACS  
[2024-12-24T12:04:27.366Z] INFO: Key-value- BACS:YPO
[2024-12-24T12:04:27.366Z] INFO: Iteration 0
[2024-12-24T12:04:27.961Z] INFO: supplist:YPO
[2024-12-24T12:04:27.961Z] INFO: Supplier: YPO
[2024-12-24T12:04:40.315Z] INFO: Test environment: uat
[2024-12-24T12:04:40.318Z] INFO: Browser: chromium
[2024-12-24T12:04:41.498Z] INFO: Test environment: uat
[2024-12-24T12:04:41.503Z] INFO: Browser: chromium
[2024-12-24T12:04:55.783Z] INFO: Test environment: uat
[2024-12-24T12:04:55.786Z] INFO: Browser: chromium
[2024-12-24T12:04:58.406Z] INFO: Test environment: uat
[2024-12-24T12:04:58.411Z] INFO: Browser: chromium
[2024-12-24T12:05:19.335Z] INFO: Test environment: uat
[2024-12-24T12:05:19.338Z] INFO: Browser: chromium
[2024-12-24T12:05:21.887Z] INFO: Test environment: uat
[2024-12-24T12:05:21.892Z] INFO: Browser: chromium
[2024-12-24T12:05:23.624Z] INFO: Test environment: uat
[2024-12-24T12:05:23.629Z] INFO: Browser: chromium
[2024-12-24T12:05:29.222Z] INFO: Test environment: uat
[2024-12-24T12:05:29.226Z] INFO: Browser: chromium
[2024-12-24T12:05:30.727Z] INFO: Test environment: uat
[2024-12-24T12:05:30.730Z] INFO: Browser: chromium
[2024-12-24T12:05:32.301Z] INFO: Test environment: uat
[2024-12-24T12:05:32.305Z] INFO: Browser: chromium
[2024-12-24T12:05:38.993Z] INFO: Test environment: uat
[2024-12-24T12:05:38.998Z] INFO: Browser: chromium
[2024-12-24T12:05:40.234Z] INFO: Test environment: uat
[2024-12-24T12:05:40.238Z] INFO: Browser: chromium
[2024-12-24T12:05:42.839Z] INFO: Login to the application
[2024-12-24T12:05:45.492Z] INFO: Home Page elements visibility verified on load
[2024-12-24T12:05:49.060Z] INFO: Navigate to screen PRL210
[2024-12-24T12:05:49.707Z] INFO: Total Supplier Count=15
[2024-12-24T12:05:55.067Z] INFO: Supplier Name: YPO
[2024-12-24T12:05:55.423Z] INFO: Payment Methods 0 : BACS  
[2024-12-24T12:05:55.423Z] INFO: Key-value- BACS:YPO
[2024-12-24T12:05:55.424Z] INFO: Iteration 0
[2024-12-24T12:05:56.002Z] INFO: supplist:YPO
[2024-12-24T12:05:56.002Z] INFO: Supplier: YPO
[2024-12-24T12:06:19.555Z] INFO: Test environment: uat
[2024-12-24T12:06:19.558Z] INFO: Browser: chromium
[2024-12-24T12:06:22.043Z] INFO: Test environment: uat
[2024-12-24T12:06:22.048Z] INFO: Browser: chromium
[2024-12-24T12:06:24.553Z] INFO: Test environment: uat
[2024-12-24T12:06:24.557Z] INFO: Browser: chromium
[2024-12-24T12:06:27.098Z] INFO: Test environment: uat
[2024-12-24T12:06:27.102Z] INFO: Browser: chromium
[2024-12-24T12:06:28.237Z] INFO: Test environment: uat
[2024-12-24T12:06:28.241Z] INFO: Browser: chromium
[2024-12-24T12:06:30.874Z] INFO: Login to the application
[2024-12-24T12:06:33.512Z] INFO: Home Page elements visibility verified on load
[2024-12-24T12:06:36.991Z] INFO: Navigate to screen PRL210
[2024-12-24T12:06:38.159Z] INFO: Total Supplier Count=15
[2024-12-24T12:06:42.925Z] INFO: Supplier Name: YPO
[2024-12-24T12:06:43.282Z] INFO: Payment Methods 0 : BACS  
[2024-12-24T12:06:43.282Z] INFO: Key-value- BACS:YPO
[2024-12-24T12:06:43.283Z] INFO: Iteration 0
[2024-12-24T12:06:43.882Z] INFO: supplist:YPO
[2024-12-24T12:06:43.882Z] INFO: Supplier: YPO
[2024-12-24T12:08:30.611Z] INFO: Test environment: uat
[2024-12-24T12:08:30.614Z] INFO: Browser: chromium
[2024-12-24T12:08:33.190Z] INFO: Test environment: uat
[2024-12-24T12:08:33.196Z] INFO: Browser: chromium
[2024-12-24T12:08:36.981Z] INFO: Test environment: uat
[2024-12-24T12:08:36.984Z] INFO: Browser: chromium
[2024-12-24T12:08:44.942Z] INFO: Test environment: uat
[2024-12-24T12:08:44.945Z] INFO: Browser: chromium
[2024-12-24T12:08:46.118Z] INFO: Test environment: uat
[2024-12-24T12:08:46.121Z] INFO: Browser: chromium
[2024-12-24T12:08:48.762Z] INFO: Login to the application
[2024-12-24T12:08:51.204Z] INFO: Home Page elements visibility verified on load
[2024-12-24T12:08:57.323Z] INFO: Navigate to screen PRL210
[2024-12-24T12:08:57.986Z] INFO: Total Supplier Count=15
[2024-12-24T12:09:03.182Z] INFO: Supplier Name: YPO
[2024-12-24T12:09:03.504Z] INFO: Payment Methods 0 : BACS  
[2024-12-24T12:09:03.505Z] INFO: Key-value- BACS:YPO
[2024-12-24T12:09:03.505Z] INFO: Iteration 0
[2024-12-24T12:09:04.093Z] INFO: supplist:YPO
[2024-12-24T12:09:04.093Z] INFO: Supplier: YPO
[2024-12-24T12:09:04.095Z] INFO: Current Working Directory:
[2024-12-24T12:09:41.241Z] INFO: Test environment: uat
[2024-12-24T12:09:41.244Z] INFO: Browser: chromium
[2024-12-24T12:09:46.605Z] INFO: Test environment: uat
[2024-12-24T12:09:46.608Z] INFO: Browser: chromium
[2024-12-24T12:09:56.683Z] INFO: Test environment: uat
[2024-12-24T12:09:56.688Z] INFO: Browser: chromium
[2024-12-24T12:09:58.094Z] INFO: Test environment: uat
[2024-12-24T12:09:58.097Z] INFO: Browser: chromium
[2024-12-24T12:09:59.177Z] INFO: Test environment: uat
[2024-12-24T12:09:59.182Z] INFO: Browser: chromium
[2024-12-24T12:10:00.463Z] INFO: Test environment: uat
[2024-12-24T12:10:00.468Z] INFO: Browser: chromium
[2024-12-24T12:10:03.074Z] INFO: Login to the application
[2024-12-24T12:10:06.690Z] INFO: Home Page elements visibility verified on load
[2024-12-24T12:10:10.669Z] INFO: Navigate to screen PRL210
[2024-12-24T12:10:11.926Z] INFO: Total Supplier Count=15
[2024-12-24T12:10:17.180Z] INFO: Supplier Name: YPO
[2024-12-24T12:10:17.543Z] INFO: Payment Methods 0 : BACS  
[2024-12-24T12:10:17.544Z] INFO: Key-value- BACS:YPO
[2024-12-24T12:10:17.544Z] INFO: Iteration 0
[2024-12-24T12:10:18.144Z] INFO: supplist:YPO
[2024-12-24T12:10:18.144Z] INFO: Supplier: YPO
[2024-12-24T12:10:18.146Z] INFO: Current Working Directory:
[2024-12-24T12:10:18.146Z] INFO: Current __dirname:
[2024-12-24T12:10:28.522Z] INFO: Test environment: uat
[2024-12-24T12:10:28.525Z] INFO: Browser: chromium
[2024-12-24T12:10:30.856Z] INFO: Test environment: uat
[2024-12-24T12:10:30.861Z] INFO: Browser: chromium
[2024-12-24T12:10:32.656Z] INFO: Test environment: uat
[2024-12-24T12:10:32.661Z] INFO: Browser: chromium
[2024-12-24T12:10:33.928Z] INFO: Test environment: uat
[2024-12-24T12:10:33.931Z] INFO: Browser: chromium
[2024-12-24T12:10:36.466Z] INFO: Login to the application
[2024-12-24T12:10:39.095Z] INFO: Home Page elements visibility verified on load
[2024-12-24T12:10:43.088Z] INFO: Navigate to screen PRL210
[2024-12-24T12:10:43.708Z] INFO: Total Supplier Count=15
[2024-12-24T12:10:49.315Z] INFO: Supplier Name: YPO
[2024-12-24T12:10:49.728Z] INFO: Payment Methods 0 : BACS  
[2024-12-24T12:10:49.729Z] INFO: Key-value- BACS:YPO
[2024-12-24T12:10:49.729Z] INFO: Iteration 0
[2024-12-24T12:10:50.362Z] INFO: supplist:YPO
[2024-12-24T12:10:50.363Z] INFO: Supplier: YPO
[2024-12-24T12:10:50.366Z] INFO: Current Working Directory:C:\Users\Pruthviraj.Pardeshi\SIMS Finance -pw non cucumber
[2024-12-24T12:10:50.366Z] INFO: Current __dirname:C:\Users\Pruthviraj.Pardeshi\SIMS Finance -pw non cucumber\src\tests
[2024-12-24T12:10:52.443Z] INFO: Test environment: uat
[2024-12-24T12:10:52.447Z] INFO: Browser: chromium
[2024-12-24T12:10:53.877Z] INFO: Test environment: uat
[2024-12-24T12:10:53.881Z] INFO: Browser: chromium
[2024-12-24T12:10:55.165Z] INFO: Test environment: uat
[2024-12-24T12:10:55.168Z] INFO: Browser: chromium
[2024-12-24T12:11:47.439Z] INFO: Test environment: uat
[2024-12-24T12:11:47.442Z] INFO: Browser: chromium
[2024-12-24T12:11:48.960Z] INFO: Test environment: uat
[2024-12-24T12:11:48.965Z] INFO: Browser: chromium
[2024-12-24T12:11:50.183Z] INFO: Test environment: uat
[2024-12-24T12:11:50.186Z] INFO: Browser: chromium
[2024-12-24T12:11:52.907Z] INFO: Login to the application
[2024-12-24T12:11:55.383Z] INFO: Home Page elements visibility verified on load
[2024-12-24T12:11:58.729Z] INFO: Navigate to screen PRL210
[2024-12-24T12:11:59.970Z] INFO: Total Supplier Count=15
[2024-12-24T12:12:04.693Z] INFO: Supplier Name: YPO
[2024-12-24T12:12:05.094Z] INFO: Payment Methods 0 : BACS  
[2024-12-24T12:12:05.094Z] INFO: Key-value- BACS:YPO
[2024-12-24T12:12:05.095Z] INFO: Iteration 0
[2024-12-24T12:12:05.674Z] INFO: supplist:YPO
[2024-12-24T12:12:05.675Z] INFO: Supplier: YPO
[2024-12-24T12:12:05.676Z] INFO: Current Working Directory:C:\Users\Pruthviraj.Pardeshi\SIMS Finance -pw non cucumber
[2024-12-24T12:12:05.676Z] INFO: Current __dirname:C:\Users\Pruthviraj.Pardeshi\SIMS Finance -pw non cucumber\src\tests
[2024-12-24T12:12:35.944Z] INFO: Test environment: uat
[2024-12-24T12:12:35.947Z] INFO: Browser: chromium
[2024-12-24T12:12:43.539Z] INFO: Test environment: uat
[2024-12-24T12:12:43.543Z] INFO: Browser: chromium
[2024-12-24T12:12:46.072Z] INFO: Test environment: uat
[2024-12-24T12:12:46.075Z] INFO: Browser: chromium
[2024-12-24T12:12:47.244Z] INFO: Test environment: uat
[2024-12-24T12:12:47.247Z] INFO: Browser: chromium
[2024-12-24T12:12:49.765Z] INFO: Login to the application
[2024-12-24T12:12:52.248Z] INFO: Home Page elements visibility verified on load
[2024-12-24T12:12:55.686Z] INFO: Navigate to screen PRL210
[2024-12-24T12:12:57.740Z] INFO: Total Supplier Count=15
[2024-12-24T12:13:02.734Z] INFO: Supplier Name: YPO
[2024-12-24T12:13:03.159Z] INFO: Payment Methods 0 : BACS  
[2024-12-24T12:13:03.160Z] INFO: Key-value- BACS:YPO
[2024-12-24T12:13:03.160Z] INFO: Iteration 0
[2024-12-24T12:13:03.803Z] INFO: supplist:YPO
[2024-12-24T12:13:03.803Z] INFO: Supplier: YPO
[2024-12-24T12:13:03.804Z] INFO: Current Working Directory:C:\Users\Pruthviraj.Pardeshi\SIMS Finance -pw non cucumber
[2024-12-24T12:13:03.805Z] INFO: Current __dirname:C:\Users\Pruthviraj.Pardeshi\SIMS Finance -pw non cucumber\src\tests
[2024-12-24T12:13:03.805Z] INFO: 
[2024-12-24T12:13:19.873Z] INFO: Test environment: uat
[2024-12-24T12:13:19.876Z] INFO: Browser: chromium
[2024-12-24T12:13:22.676Z] INFO: Test environment: uat
[2024-12-24T12:13:22.680Z] INFO: Browser: chromium
[2024-12-24T12:13:24.212Z] INFO: Test environment: uat
[2024-12-24T12:13:24.218Z] INFO: Browser: chromium
[2024-12-24T12:13:26.203Z] INFO: Test environment: uat
[2024-12-24T12:13:26.206Z] INFO: Browser: chromium
[2024-12-24T12:13:27.833Z] INFO: Test environment: uat
[2024-12-24T12:13:27.838Z] INFO: Browser: chromium
[2024-12-24T12:13:29.999Z] INFO: Test environment: uat
[2024-12-24T12:13:30.002Z] INFO: Browser: chromium
[2024-12-24T12:13:31.089Z] INFO: Test environment: uat
[2024-12-24T12:13:31.092Z] INFO: Browser: chromium
[2024-12-24T12:13:33.734Z] INFO: Login to the application
[2024-12-24T12:13:36.022Z] INFO: Home Page elements visibility verified on load
[2024-12-24T12:13:39.332Z] INFO: Navigate to screen PRL210
[2024-12-24T12:13:41.113Z] INFO: Total Supplier Count=15
[2024-12-24T12:13:45.990Z] INFO: Supplier Name: YPO
[2024-12-24T12:13:46.353Z] INFO: Payment Methods 0 : BACS  
[2024-12-24T12:13:46.354Z] INFO: Key-value- BACS:YPO
[2024-12-24T12:13:46.354Z] INFO: Iteration 0
[2024-12-24T12:13:47.037Z] INFO: supplist:YPO
[2024-12-24T12:13:47.038Z] INFO: Supplier: YPO
[2024-12-24T12:13:47.040Z] INFO: Current Working Directory:C:\Users\Pruthviraj.Pardeshi\SIMS Finance -pw non cucumber
[2024-12-24T12:13:47.040Z] INFO: Current __dirname:C:\Users\Pruthviraj.Pardeshi\SIMS Finance -pw non cucumber\src\tests
[2024-12-24T12:13:47.041Z] INFO: filepath content:
[2024-12-24T12:13:53.685Z] INFO: Test environment: uat
[2024-12-24T12:13:53.689Z] INFO: Browser: chromium
[2024-12-24T12:13:56.114Z] INFO: Test environment: uat
[2024-12-24T12:13:56.117Z] INFO: Browser: chromium
[2024-12-24T12:13:57.192Z] INFO: Test environment: uat
[2024-12-24T12:13:57.195Z] INFO: Browser: chromium
[2024-12-24T12:14:39.016Z] INFO: Test environment: uat
[2024-12-24T12:14:39.019Z] INFO: Browser: chromium
[2024-12-24T12:14:43.318Z] INFO: Test environment: uat
[2024-12-24T12:14:43.323Z] INFO: Browser: chromium
[2024-12-24T12:14:46.152Z] INFO: Test environment: uat
[2024-12-24T12:14:46.157Z] INFO: Browser: chromium
[2024-12-24T12:14:48.912Z] INFO: Test environment: uat
[2024-12-24T12:14:48.917Z] INFO: Browser: chromium
[2024-12-24T12:14:50.072Z] INFO: Test environment: uat
[2024-12-24T12:14:50.075Z] INFO: Browser: chromium
[2024-12-24T12:14:55.973Z] INFO: Test environment: uat
[2024-12-24T12:14:55.977Z] INFO: Browser: chromium
[2024-12-24T12:15:02.510Z] INFO: Test environment: uat
[2024-12-24T12:15:02.514Z] INFO: Browser: chromium
[2024-12-24T12:15:03.719Z] INFO: Test environment: uat
[2024-12-24T12:15:03.722Z] INFO: Browser: chromium
[2024-12-24T12:15:06.482Z] INFO: Login to the application
[2024-12-24T12:15:09.474Z] INFO: Home Page elements visibility verified on load
[2024-12-24T12:15:13.378Z] INFO: Navigate to screen PRL210
[2024-12-24T12:15:14.515Z] INFO: Total Supplier Count=15
[2024-12-24T12:15:19.660Z] INFO: Supplier Name: YPO
[2024-12-24T12:15:20.063Z] INFO: Payment Methods 0 : BACS  
[2024-12-24T12:15:20.063Z] INFO: Key-value- BACS:YPO
[2024-12-24T12:15:20.064Z] INFO: Iteration 0
[2024-12-24T12:15:20.630Z] INFO: supplist:YPO
[2024-12-24T12:15:20.630Z] INFO: Supplier: YPO
[2024-12-24T12:15:20.631Z] INFO: Current Working Directory:C:\Users\Pruthviraj.Pardeshi\SIMS Finance -pw non cucumber
[2024-12-24T12:15:20.631Z] INFO: Current __dirname:C:\Users\Pruthviraj.Pardeshi\SIMS Finance -pw non cucumber\src\tests
[2024-12-24T12:15:20.633Z] INFO: C:\Users\Pruthviraj.Pardeshi\SIMS Finance -pw non cucumber\Test Files/BACS24111745.TXT content:
[2024-12-24T12:15:54.533Z] INFO: Test environment: uat
[2024-12-24T12:15:54.536Z] INFO: Browser: chromium
[2024-12-24T12:15:57.723Z] INFO: Test environment: uat
[2024-12-24T12:15:57.727Z] INFO: Browser: chromium
[2024-12-24T12:15:59.263Z] INFO: Test environment: uat
[2024-12-24T12:15:59.268Z] INFO: Browser: chromium
[2024-12-24T12:16:05.565Z] INFO: Test environment: uat
[2024-12-24T12:16:05.568Z] INFO: Browser: chromium
[2024-12-24T12:16:06.678Z] INFO: Test environment: uat
[2024-12-24T12:16:06.682Z] INFO: Browser: chromium
[2024-12-24T12:16:09.369Z] INFO: Login to the application
[2024-12-24T12:16:12.359Z] INFO: Home Page elements visibility verified on load
[2024-12-24T12:16:16.545Z] INFO: Navigate to screen PRL210
[2024-12-24T12:16:18.179Z] INFO: Total Supplier Count=15
[2024-12-24T12:16:23.043Z] INFO: Supplier Name: YPO
[2024-12-24T12:16:23.443Z] INFO: Payment Methods 0 : BACS  
[2024-12-24T12:16:23.443Z] INFO: Key-value- BACS:YPO
[2024-12-24T12:16:23.443Z] INFO: Iteration 0
[2024-12-24T12:16:24.101Z] INFO: supplist:YPO
[2024-12-24T12:16:24.101Z] INFO: Supplier: YPO
[2024-12-24T12:16:24.103Z] INFO: Current Working Directory:C:\Users\Pruthviraj.Pardeshi\SIMS Finance -pw non cucumber
[2024-12-24T12:16:24.103Z] INFO: Current __dirname:C:\Users\Pruthviraj.Pardeshi\SIMS Finance -pw non cucumber\src\tests
[2024-12-24T12:16:24.104Z] INFO: C:\Users\Pruthviraj.Pardeshi\SIMS Finance -pw non cucumber\Test Files/BACS24111746.TXT content:
[2024-12-24T12:17:12.230Z] INFO: Test environment: uat
[2024-12-24T12:17:12.233Z] INFO: Browser: chromium
[2024-12-24T12:17:14.689Z] INFO: Test environment: uat
[2024-12-24T12:17:14.693Z] INFO: Browser: chromium
[2024-12-24T12:17:15.900Z] INFO: Test environment: uat
[2024-12-24T12:17:15.903Z] INFO: Browser: chromium
[2024-12-24T12:17:18.613Z] INFO: Login to the application
[2024-12-24T12:17:22.070Z] INFO: Home Page elements visibility verified on load
[2024-12-24T12:17:25.977Z] INFO: Navigate to screen PRL210
[2024-12-24T12:17:26.584Z] INFO: Total Supplier Count=15
[2024-12-24T12:17:32.175Z] INFO: Supplier Name: YPO
[2024-12-24T12:17:32.563Z] INFO: Payment Methods 0 : BACS  
[2024-12-24T12:17:32.563Z] INFO: Key-value- BACS:YPO
[2024-12-24T12:17:32.563Z] INFO: Iteration 0
[2024-12-24T12:17:33.178Z] INFO: supplist:YPO
[2024-12-24T12:17:33.178Z] INFO: Supplier: YPO
[2024-12-24T12:17:33.179Z] INFO: Current Working Directory:C:\Users\Pruthviraj.Pardeshi\SIMS Finance -pw non cucumber
[2024-12-24T12:17:33.180Z] INFO: Current __dirname:C:\Users\Pruthviraj.Pardeshi\SIMS Finance -pw non cucumber\src\tests
[2024-12-24T12:17:33.182Z] INFO: C:\Users\Pruthviraj.Pardeshi\SIMS Finance -pw non cucumber\Test Files/BACS24111747.TXT content:
[2024-12-24T12:18:01.308Z] INFO: Test environment: uat
[2024-12-24T12:18:01.311Z] INFO: Browser: chromium
[2024-12-24T12:18:03.514Z] INFO: Test environment: uat
[2024-12-24T12:18:03.518Z] INFO: Browser: chromium
[2024-12-24T12:18:04.756Z] INFO: Test environment: uat
[2024-12-24T12:18:04.761Z] INFO: Browser: chromium
[2024-12-24T12:18:07.465Z] INFO: Login to the application
[2024-12-24T12:18:10.032Z] INFO: Home Page elements visibility verified on load
[2024-12-24T12:18:13.479Z] INFO: Navigate to screen PRL210
[2024-12-24T12:18:14.825Z] INFO: Total Supplier Count=15
[2024-12-24T12:18:19.599Z] INFO: Supplier Name: YPO
[2024-12-24T12:18:19.976Z] INFO: Payment Methods 0 : BACS  
[2024-12-24T12:18:19.976Z] INFO: Key-value- BACS:YPO
[2024-12-24T12:18:19.977Z] INFO: Iteration 0
[2024-12-24T12:18:20.717Z] INFO: supplist:YPO
[2024-12-24T12:18:20.717Z] INFO: Supplier: YPO
[2024-12-24T12:18:20.718Z] INFO: Current Working Directory:C:\Users\Pruthviraj.Pardeshi\SIMS Finance -pw non cucumber
[2024-12-24T12:18:20.718Z] INFO: Current __dirname:C:\Users\Pruthviraj.Pardeshi\SIMS Finance -pw non cucumber\src\tests
[2024-12-24T12:18:20.721Z] INFO: C:\Users\Pruthviraj.Pardeshi\SIMS Finance -pw non cucumber\Test Files/BACS24111748.TXT content:
[2024-12-24T12:21:45.693Z] INFO: Test environment: uat
[2024-12-24T12:21:45.695Z] INFO: Browser: chromium
[2024-12-24T12:21:47.136Z] INFO: Test environment: uat
[2024-12-24T12:21:47.140Z] INFO: Browser: chromium
[2024-12-24T12:21:48.186Z] INFO: Test environment: uat
[2024-12-24T12:21:48.189Z] INFO: Browser: chromium
[2024-12-24T12:21:49.311Z] INFO: Test environment: uat
[2024-12-24T12:21:49.315Z] INFO: Browser: chromium
[2024-12-24T12:21:53.067Z] INFO: Login to the application
[2024-12-24T12:21:55.405Z] INFO: Home Page elements visibility verified on load
[2024-12-24T12:21:59.383Z] INFO: Navigate to screen PRL210
[2024-12-24T12:22:00.072Z] INFO: Total Supplier Count=15
[2024-12-24T12:22:05.975Z] INFO: Supplier Name: YPO
[2024-12-24T12:22:06.386Z] INFO: Payment Methods 0 : BACS  
[2024-12-24T12:22:06.387Z] INFO: Key-value- BACS:YPO
[2024-12-24T12:22:06.387Z] INFO: Iteration 0
[2024-12-24T12:22:07.117Z] INFO: supplist:YPO
[2024-12-24T12:22:07.117Z] INFO: Supplier: YPO
[2024-12-24T12:22:07.118Z] INFO: Current Working Directory:C:\Users\Pruthviraj.Pardeshi\SIMS Finance -pw non cucumber
[2024-12-24T12:22:07.118Z] INFO: Current __dirname:C:\Users\Pruthviraj.Pardeshi\SIMS Finance -pw non cucumber\src\tests
[2024-12-24T12:22:07.119Z] INFO: File exists. Attempting to read...
[2024-12-24T12:22:07.119Z] INFO: File content:

[2024-12-24T12:23:39.451Z] INFO: Test environment: uat
[2024-12-24T12:23:39.456Z] INFO: Browser: chromium
[2024-12-24T12:23:40.879Z] INFO: Test environment: uat
[2024-12-24T12:23:40.883Z] INFO: Browser: chromium
[2024-12-24T12:23:42.041Z] INFO: Test environment: uat
[2024-12-24T12:23:42.044Z] INFO: Browser: chromium
[2024-12-24T12:23:43.099Z] INFO: Test environment: uat
[2024-12-24T12:23:43.102Z] INFO: Browser: chromium
[2024-12-24T12:23:45.822Z] INFO: Login to the application
[2024-12-24T12:23:48.634Z] INFO: Home Page elements visibility verified on load
[2024-12-24T12:23:52.586Z] INFO: Navigate to screen PRL210
[2024-12-24T12:23:53.850Z] INFO: Total Supplier Count=15
[2024-12-24T12:23:58.971Z] INFO: Supplier Name: YPO
[2024-12-24T12:23:59.327Z] INFO: Payment Methods 0 : BACS  
[2024-12-24T12:23:59.328Z] INFO: Key-value- BACS:YPO
[2024-12-24T12:23:59.328Z] INFO: Iteration 0
[2024-12-24T12:24:00.019Z] INFO: supplist:YPO
[2024-12-24T12:24:00.020Z] INFO: Supplier: YPO
[2024-12-24T12:24:00.021Z] INFO: Current Working Directory:C:\Users\Pruthviraj.Pardeshi\SIMS Finance -pw non cucumber
[2024-12-24T12:24:00.021Z] INFO: Current __dirname:C:\Users\Pruthviraj.Pardeshi\SIMS Finance -pw non cucumber\src\tests
[2024-12-24T12:24:00.022Z] INFO: File exists. Attempting to read...
[2024-12-24T12:24:00.022Z] INFO: File content:

[2024-12-24T12:26:33.009Z] INFO: Test environment: uat
[2024-12-24T12:26:33.012Z] INFO: Browser: chromium
[2024-12-24T12:26:34.316Z] INFO: Test environment: uat
[2024-12-24T12:26:34.320Z] INFO: Browser: chromium
[2024-12-24T12:26:35.589Z] INFO: Test environment: uat
[2024-12-24T12:26:35.593Z] INFO: Browser: chromium
[2024-12-24T12:26:42.908Z] INFO: Test environment: uat
[2024-12-24T12:26:42.911Z] INFO: Browser: chromium
[2024-12-24T12:26:44.090Z] INFO: Test environment: uat
[2024-12-24T12:26:44.093Z] INFO: Browser: chromium
[2024-12-24T12:26:46.399Z] INFO: Test environment: uat
[2024-12-24T12:26:46.402Z] INFO: Browser: chromium
[2024-12-24T12:26:49.987Z] INFO: Test environment: uat
[2024-12-24T12:26:49.992Z] INFO: Browser: chromium
[2024-12-24T12:26:53.137Z] INFO: Test environment: uat
[2024-12-24T12:26:53.141Z] INFO: Browser: chromium
[2024-12-24T12:26:54.746Z] INFO: Test environment: uat
[2024-12-24T12:26:54.750Z] INFO: Browser: chromium
[2024-12-24T12:26:58.363Z] INFO: Test environment: uat
[2024-12-24T12:26:58.366Z] INFO: Browser: chromium
[2024-12-24T12:27:03.965Z] INFO: Test environment: uat
[2024-12-24T12:27:03.971Z] INFO: Browser: chromium
[2024-12-24T12:27:05.163Z] INFO: Test environment: uat
[2024-12-24T12:27:05.166Z] INFO: Browser: chromium
[2024-12-24T12:28:33.081Z] INFO: Test environment: uat
[2024-12-24T12:28:33.085Z] INFO: Browser: chromium
[2024-12-24T12:28:36.332Z] INFO: Test environment: uat
[2024-12-24T12:28:36.337Z] INFO: Browser: chromium
[2024-12-24T12:28:38.836Z] INFO: Test environment: uat
[2024-12-24T12:28:38.839Z] INFO: Browser: chromium
[2024-12-24T12:28:53.889Z] INFO: Test environment: uat
[2024-12-24T12:28:53.892Z] INFO: Browser: chromium
[2024-12-24T12:28:55.373Z] INFO: Test environment: uat
[2024-12-24T12:28:55.376Z] INFO: Browser: chromium
[2024-12-24T12:28:59.392Z] INFO: Test environment: uat
[2024-12-24T12:28:59.395Z] INFO: Browser: chromium
[2024-12-24T12:29:00.829Z] INFO: Test environment: uat
[2024-12-24T12:29:00.832Z] INFO: Browser: chromium
[2024-12-24T12:29:02.451Z] INFO: Test environment: uat
[2024-12-24T12:29:02.455Z] INFO: Browser: chromium
[2024-12-24T12:29:05.321Z] INFO: Test environment: uat
[2024-12-24T12:29:05.325Z] INFO: Browser: chromium
[2024-12-24T12:29:07.506Z] INFO: Test environment: uat
[2024-12-24T12:29:07.511Z] INFO: Browser: chromium
[2024-12-24T12:29:16.091Z] INFO: Test environment: uat
[2024-12-24T12:29:16.095Z] INFO: Browser: chromium
[2024-12-24T12:29:17.136Z] INFO: Test environment: uat
[2024-12-24T12:29:17.138Z] INFO: Browser: chromium
[2024-12-24T12:29:19.754Z] INFO: Login to the application
[2024-12-24T12:29:22.670Z] INFO: Home Page elements visibility verified on load
[2024-12-24T12:29:26.175Z] INFO: Navigate to screen PRL210
[2024-12-24T12:29:27.806Z] INFO: Total Supplier Count=15
[2024-12-24T12:29:32.939Z] INFO: Supplier Name: YPO
[2024-12-24T12:29:33.358Z] INFO: Payment Methods 0 : BACS  
[2024-12-24T12:29:33.358Z] INFO: Key-value- BACS:YPO
[2024-12-24T12:29:33.359Z] INFO: Iteration 0
[2024-12-24T12:29:34.093Z] INFO: supplist:YPO
[2024-12-24T12:29:34.094Z] INFO: Supplier: YPO
[2024-12-24T12:29:34.095Z] INFO: Current Working Directory:C:\Users\Pruthviraj.Pardeshi\SIMS Finance -pw non cucumber
[2024-12-24T12:29:34.095Z] INFO: Current __dirname:C:\Users\Pruthviraj.Pardeshi\SIMS Finance -pw non cucumber\src\tests
[2024-12-24T12:29:34.096Z] INFO: File exists. Attempting to read...
[2024-12-24T12:29:34.098Z] INFO: File content:

[2024-12-24T12:29:45.071Z] INFO: Test environment: uat
[2024-12-24T12:29:45.076Z] INFO: Browser: chromium
[2024-12-24T12:29:46.661Z] INFO: Test environment: uat
[2024-12-24T12:29:46.665Z] INFO: Browser: chromium
[2024-12-24T12:29:47.693Z] INFO: Test environment: uat
[2024-12-24T12:29:47.697Z] INFO: Browser: chromium
[2024-12-24T12:29:48.954Z] INFO: Test environment: uat
[2024-12-24T12:29:48.959Z] INFO: Browser: chromium
[2024-12-24T12:29:51.529Z] INFO: Login to the application
[2024-12-24T12:29:54.234Z] INFO: Home Page elements visibility verified on load
[2024-12-24T12:29:57.646Z] INFO: Navigate to screen PRL210
[2024-12-24T12:29:58.758Z] INFO: Total Supplier Count=15
[2024-12-24T12:30:03.877Z] INFO: Supplier Name: YPO
[2024-12-24T12:30:04.224Z] INFO: Payment Methods 0 : BACS  
[2024-12-24T12:30:04.224Z] INFO: Key-value- BACS:YPO
[2024-12-24T12:30:04.224Z] INFO: Iteration 0
[2024-12-24T12:30:04.785Z] INFO: supplist:YPO
[2024-12-24T12:30:04.785Z] INFO: Supplier: YPO
[2024-12-24T12:30:04.787Z] INFO: Current Working Directory:C:\Users\Pruthviraj.Pardeshi\SIMS Finance -pw non cucumber
[2024-12-24T12:30:04.787Z] INFO: Current __dirname:C:\Users\Pruthviraj.Pardeshi\SIMS Finance -pw non cucumber\src\tests
[2024-12-24T12:30:04.788Z] INFO: File exists. Attempting to read...
[2024-12-24T12:30:04.789Z] INFO: File content:

[2024-12-27T08:45:37.775Z] INFO: Test environment: uat
[2024-12-27T08:45:37.780Z] INFO: Browser: chromium
[2024-12-27T08:52:01.970Z] INFO: Test environment: uat
[2024-12-27T08:52:01.973Z] INFO: Browser: chromium
[2024-12-27T08:52:03.074Z] INFO: Test environment: uat
[2024-12-27T08:52:03.077Z] INFO: Browser: chromium
[2024-12-27T08:52:57.410Z] INFO: Test environment: uat
[2024-12-27T08:52:57.414Z] INFO: Browser: chromium
[2024-12-27T08:53:03.634Z] INFO: Test environment: uat
[2024-12-27T08:53:03.637Z] INFO: Browser: chromium
[2024-12-27T08:53:24.249Z] INFO: Test environment: uat
[2024-12-27T08:53:24.251Z] INFO: Browser: chromium
[2024-12-27T08:53:29.330Z] INFO: Test environment: uat
[2024-12-27T08:53:29.333Z] INFO: Browser: chromium
[2024-12-27T08:53:30.510Z] INFO: Test environment: uat
[2024-12-27T08:53:30.513Z] INFO: Browser: chromium
[2024-12-27T08:54:47.707Z] INFO: Test environment: uat
[2024-12-27T08:54:47.710Z] INFO: Browser: chromium
[2024-12-27T08:54:52.317Z] INFO: Test environment: uat
[2024-12-27T08:54:52.321Z] INFO: Browser: chromium
[2024-12-27T08:54:53.412Z] INFO: Test environment: uat
[2024-12-27T08:54:53.415Z] INFO: Browser: chromium
[2025-01-02T06:41:19.288Z] INFO: Test environment: uat
[2025-01-02T06:41:19.292Z] INFO: Browser: chromium
[2025-01-02T06:41:25.329Z] INFO: Test environment: uat
[2025-01-02T06:41:25.335Z] INFO: Browser: chromium
